Query Case No.,Rank,Similar Case No.,Similarity Score
Copy of JUDG__1,1,Copy of JUDG__91,0.2394
Copy of JUDG__1,2,Copy of JUDG__93,0.208
Copy of JUDG__1,3,judgement_J_P_559_2017,0.2044
Copy of JUDG__1,4,Copy of JUDG__45,0.1999
Copy of JUDG__1,5,Copy of JUDG__76,0.1969
Copy of JUDG__10,1,judgement_C_P_L_A_3824_2023,0.2278
Copy of JUDG__10,2,Copy of JUDG__37,0.1875
Copy of JUDG__10,3,judgement_C_P_L_A_2555_2022,0.1822
Copy of JUDG__10,4,judgement_Crl_P_L_A_433_2025,0.1763
Copy of JUDG__10,5,Copy of JUDG__7489,0.1756
Copy of JUDG__101,1,judgement_Crl_P_L_A_1184_2025,0.2403
Copy of JUDG__101,2,Copy of JUDG__9366,0.2136
Copy of JUDG__101,3,Copy of JUDG__7489,0.1714
Copy of JUDG__101,4,Copy of JUDG__94,0.1525
Copy of JUDG__101,5,Copy of JUDG__86,0.1451
Copy of JUDG__102,1,Copy of JUDG__61,0.2683
Copy of JUDG__102,2,judgement_C_A_1388_2017,0.2584
Copy of JUDG__102,3,judgement_C_P_L_A_74_2025,0.2436
Copy of JUDG__102,4,judgement_C_P_L_A_1032-K_2025,0.2094
Copy of JUDG__102,5,Copy of JUDG__37,0.2024
Copy of JUDG__103,1,Copy of JUDG__71,0.3035
Copy of JUDG__103,2,judgement_C_P_L_A_2788_2022,0.2221
Copy of JUDG__103,3,Copy of JUDG__45,0.2016
Copy of JUDG__103,4,judgement_Crl_A_343_2023,0.1985
Copy of JUDG__103,5,Copy of JUDG__55,0.1963
Copy of JUDG__104,1,Copy of JUDG__49,0.2621
Copy of JUDG__104,2,Copy of JUDG__43,0.2054
Copy of JUDG__104,3,Copy of JUDG__7222,0.1957
Copy of JUDG__104,4,Copy of JUDG__87,0.1927
Copy of JUDG__104,5,Copy of JUDG__41,0.1913
Copy of JUDG__105,1,Copy of JUDG__28,0.344
Copy of JUDG__105,2,judgement_C_A_209_2025,0.2276
Copy of JUDG__105,3,Copy of JUDG__5,0.2063
Copy of JUDG__105,4,Copy of JUDG__78,0.2022
Copy of JUDG__105,5,Copy of JUDG__88,0.2005
Copy of JUDG__11,1,Copy of JUDG__4,0.1982
Copy of JUDG__11,2,Copy of JUDG__63,0.1961
Copy of JUDG__11,3,Copy of JUDG__6657,0.1944
Copy of JUDG__11,4,Copy of JUDG__21,0.1833
Copy of JUDG__11,5,Copy of JUDG__87,0.1727
Copy of JUDG__12,1,judgement_J_P_286_2020,0.2665
Copy of JUDG__12,2,Copy of JUDG__39,0.2405
Copy of JUDG__12,3,Copy of JUDG__86,0.2021
Copy of JUDG__12,4,judgement_C_P_L_A_74_2025,0.2003
Copy of JUDG__12,5,judgement_Crl_P_L_A_960_2025,0.1922
Copy of JUDG__13,1,judgement_Crl_P_L_A_585_2025,0.228
Copy of JUDG__13,2,judgement_C_P_L_A_88-P_2022,0.191
Copy of JUDG__13,3,judgement_J_P_559_2017,0.1785
Copy of JUDG__13,4,judgement_Crl_P_L_A_1121_2021,0.1737
Copy of JUDG__13,5,judgement_C_A_209_2025,0.17
Copy of JUDG__14,1,Copy of JUDG__4998,0.2376
Copy of JUDG__14,2,Copy of JUDG__4,0.224
Copy of JUDG__14,3,Copy of JUDG__2,0.223
Copy of JUDG__14,4,Copy of JUDG__83,0.1983
Copy of JUDG__14,5,judgement_C_P_L_A_407-K_2021,0.1977
Copy of JUDG__15,1,Copy of JUDG__93,0.2319
Copy of JUDG__15,2,Copy of JUDG__39,0.1916
Copy of JUDG__15,3,Copy of JUDG__103,0.1664
Copy of JUDG__15,4,Copy of JUDG__64,0.1642
Copy of JUDG__15,5,Copy of JUDG__7489,0.1468
Copy of JUDG__16,1,Copy of JUDG__93,0.2212
Copy of JUDG__16,2,Copy of JUDG__78,0.2193
Copy of JUDG__16,3,Copy of JUDG__4998,0.205
Copy of JUDG__16,4,Copy of JUDG__21,0.2034
Copy of JUDG__16,5,Copy of JUDG__47,0.1986
Copy of JUDG__17,1,judgement_J_P_554_2023,0.2698
Copy of JUDG__17,2,Copy of JUDG__27,0.2238
Copy of JUDG__17,3,Copy of JUDG__31,0.2114
Copy of JUDG__17,4,Copy of JUDG__4,0.2085
Copy of JUDG__17,5,Copy of JUDG__9700,0.191
Copy of JUDG__18,1,Copy of JUDG__35,0.205
Copy of JUDG__18,2,Copy of JUDG__27,0.2024
Copy of JUDG__18,3,judgement_C_P_L_A_1107-L_2015,0.1999
Copy of JUDG__18,4,Copy of JUDG__8036,0.1999
Copy of JUDG__18,5,Copy of JUDG__14,0.1968
Copy of JUDG__19,1,Copy of JUDG__37,0.2458
Copy of JUDG__19,2,Copy of JUDG__88,0.2218
Copy of JUDG__19,3,Copy of JUDG__63,0.1991
Copy of JUDG__19,4,judgement_Crl_P_L_A_147-K_2025,0.1975
Copy of JUDG__19,5,judgement_C_P_L_A_1107-L_2015,0.1902
Copy of JUDG__2,1,judgement_Crl_P_L_A_868_2025,0.2264
Copy of JUDG__2,2,Copy of JUDG__14,0.223
Copy of JUDG__2,3,Copy of JUDG__49,0.2199
Copy of JUDG__2,4,judgement_Crl_P_L_A_966_2018,0.2052
Copy of JUDG__2,5,Copy of JUDG__9700,0.2043
Copy of JUDG__20,1,Copy of JUDG__68,0.2537
Copy of JUDG__20,2,Copy of JUDG__7489,0.236
Copy of JUDG__20,3,Copy of JUDG__67,0.1534
Copy of JUDG__20,4,Copy of JUDG__6,0.1463
Copy of JUDG__20,5,judgement_C_P_L_A_407-K_2021,0.1412
Copy of JUDG__21,1,Copy of JUDG__16,0.2034
Copy of JUDG__21,2,judgement_Crl_P_L_A_1055_2025,0.2025
Copy of JUDG__21,3,Copy of JUDG__28,0.1897
Copy of JUDG__21,4,Copy of JUDG__91,0.1839
Copy of JUDG__21,5,Copy of JUDG__11,0.1833
Copy of JUDG__22,1,judgement_Crl_A_351_2023,0.2532
Copy of JUDG__22,2,judgement_C_P_L_A_2788_2022,0.2482
Copy of JUDG__22,3,Copy of JUDG__34,0.2367
Copy of JUDG__22,4,judgement_J_P_559_2017,0.2338
Copy of JUDG__22,5,judgement_C_P_L_A_385-L_2021,0.2255
Copy of JUDG__23,1,judgement_J_P_541_2021,0.2851
Copy of JUDG__23,2,Copy of JUDG__8,0.2666
Copy of JUDG__23,3,Copy of JUDG__67,0.207
Copy of JUDG__23,4,judgement_Crl_P_L_A_433_2025,0.1832
Copy of JUDG__23,5,Copy of JUDG__62,0.1756
Copy of JUDG__24,1,Copy of JUDG__91,0.3157
Copy of JUDG__24,2,Copy of JUDG__7222,0.241
Copy of JUDG__24,3,judgement_C_P_L_A_5929_2024,0.2108
Copy of JUDG__24,4,Copy of JUDG__43,0.1842
Copy of JUDG__24,5,Copy of JUDG__2,0.1789
Copy of JUDG__25,1,Copy of JUDG__63,0.3675
Copy of JUDG__25,2,judgement_C_P_L_A_407-K_2021,0.2721
Copy of JUDG__25,3,judgement_C_A_101-K_2022,0.253
Copy of JUDG__25,4,judgement_Crl_A_351_2023,0.2456
Copy of JUDG__25,5,Copy of JUDG__4998,0.2435
Copy of JUDG__26,1,judgement_C_P_L_A_2555_2022,0.2399
Copy of JUDG__26,2,Copy of JUDG__52,0.236
Copy of JUDG__26,3,judgement_J_P_252_2020,0.2016
Copy of JUDG__26,4,judgement_Crl_A_351_2023,0.1956
Copy of JUDG__26,5,Copy of JUDG__74,0.1824
Copy of JUDG__27,1,judgement_C_P_L_A_74_2025,0.2341
Copy of JUDG__27,2,Copy of JUDG__17,0.2238
Copy of JUDG__27,3,Copy of JUDG__36,0.212
Copy of JUDG__27,4,Copy of JUDG__18,0.2024
Copy of JUDG__27,5,Copy of JUDG__9700,0.2017
Copy of JUDG__28,1,Copy of JUDG__105,0.344
Copy of JUDG__28,2,Copy of JUDG__9366,0.2762
Copy of JUDG__28,3,judgement_Crl_P_L_A_147-K_2025,0.1986
Copy of JUDG__28,4,judgement_J_P_252_2020,0.1934
Copy of JUDG__28,5,Copy of JUDG__71,0.1903
Copy of JUDG__29,1,judgement_J_P_375_2023,0.2437
Copy of JUDG__29,2,judgement_C_P_L_A_78-K_2024,0.2317
Copy of JUDG__29,3,Copy of JUDG__47,0.2259
Copy of JUDG__29,4,Copy of JUDG__8036,0.2186
Copy of JUDG__29,5,Copy of JUDG__65,0.2183
Copy of JUDG__3,1,Copy of JUDG__33,0.2346
Copy of JUDG__3,2,judgement_C_P_L_A_339-L_2023,0.2261
Copy of JUDG__3,3,judgement_J_P_614_2021,0.2113
Copy of JUDG__3,4,Copy of JUDG__78,0.2111
Copy of JUDG__3,5,judgement_C_P_L_A_88-P_2022,0.1876
Copy of JUDG__30,1,judgement_C_P_L_A_147-K_2023,0.3546
Copy of JUDG__30,2,Copy of JUDG__88,0.2621
Copy of JUDG__30,3,Copy of JUDG__7486,0.2395
Copy of JUDG__30,4,judgement_C_A_1388_2017,0.2223
Copy of JUDG__30,5,Copy of JUDG__32,0.2076
Copy of JUDG__31,1,judgement_C_P_L_A_1032-K_2025,0.2382
Copy of JUDG__31,2,Copy of JUDG__17,0.2114
Copy of JUDG__31,3,Copy of JUDG__16,0.1977
Copy of JUDG__31,4,Copy of JUDG__47,0.1954
Copy of JUDG__31,5,judgement_Crl_P_L_A_1121_2021,0.1665
Copy of JUDG__32,1,Copy of JUDG__69,0.2493
Copy of JUDG__32,2,Copy of JUDG__85,0.2126
Copy of JUDG__32,3,Copy of JUDG__30,0.2076
Copy of JUDG__32,4,Copy of JUDG__82,0.1931
Copy of JUDG__32,5,Copy of JUDG__92,0.1921
Copy of JUDG__33,1,judgement_C_P_L_A_2788_2022,0.2515
Copy of JUDG__33,2,Copy of JUDG__78,0.2362
Copy of JUDG__33,3,Copy of JUDG__3,0.2346
Copy of JUDG__33,4,Copy of JUDG__4998,0.2211
Copy of JUDG__33,5,Copy of JUDG__7486,0.2208
Copy of JUDG__34,1,Copy of JUDG__22,0.2367
Copy of JUDG__34,2,Copy of JUDG__66,0.1996
Copy of JUDG__34,3,judgement_Crl_P_L_A_745_2025,0.1837
Copy of JUDG__34,4,Copy of JUDG__14,0.1777
Copy of JUDG__34,5,judgement_Crl_P_L_A_868_2025,0.1764
Copy of JUDG__35,1,judgement_C_A_101-K_2022,0.2345
Copy of JUDG__35,2,Copy of JUDG__45,0.2342
Copy of JUDG__35,3,Copy of JUDG__68,0.2185
Copy of JUDG__35,4,Copy of JUDG__18,0.205
Copy of JUDG__35,5,Copy of JUDG__4,0.1987
Copy of JUDG__36,1,Copy of JUDG__6,0.2791
Copy of JUDG__36,2,Copy of JUDG__42,0.2377
Copy of JUDG__36,3,Copy of JUDG__27,0.212
Copy of JUDG__36,4,judgement_Crl_P_L_A_960_2025,0.1919
Copy of JUDG__36,5,Copy of JUDG__79,0.1844
Copy of JUDG__37,1,judgement_C_P_L_A_3-K_2023,0.3354
Copy of JUDG__37,2,judgement_C_P_L_A_4-K_2025,0.2766
Copy of JUDG__37,3,Copy of JUDG__19,0.2458
Copy of JUDG__37,4,Copy of JUDG__63,0.2278
Copy of JUDG__37,5,judgement_C_P_L_A_3824_2023,0.2045
Copy of JUDG__38,1,judgement_C_P_L_A_1032-K_2025,0.2887
Copy of JUDG__38,2,Copy of JUDG__52,0.2231
Copy of JUDG__38,3,Copy of JUDG__9542,0.219
Copy of JUDG__38,4,Copy of JUDG__43,0.1868
Copy of JUDG__38,5,Copy of JUDG__17,0.1853
Copy of JUDG__39,1,Copy of JUDG__12,0.2405
Copy of JUDG__39,2,Copy of JUDG__9697,0.2121
Copy of JUDG__39,3,Copy of JUDG__86,0.2077
Copy of JUDG__39,4,Copy of JUDG__95,0.1999
Copy of JUDG__39,5,Copy of JUDG__43,0.1973
Copy of JUDG__4,1,Copy of JUDG__67,0.2321
Copy of JUDG__4,2,Copy of JUDG__14,0.224
Copy of JUDG__4,3,judgement_Crl_P_L_A_1033_2025,0.2144
Copy of JUDG__4,4,Copy of JUDG__17,0.2085
Copy of JUDG__4,5,judgement_C_A_209_2025,0.206
Copy of JUDG__40,1,judgement_C_P_L_A_110_2023,0.3099
Copy of JUDG__40,2,judgement_Crl_P_L_A_1184_2025,0.2131
Copy of JUDG__40,3,Copy of JUDG__80,0.1807
Copy of JUDG__40,4,judgement_C_P_L_A_385-L_2021,0.1511
Copy of JUDG__40,5,Copy of JUDG__4,0.1499
Copy of JUDG__41,1,Copy of JUDG__84,0.2297
Copy of JUDG__41,2,Copy of JUDG__52,0.2274
Copy of JUDG__41,3,Copy of JUDG__9700,0.2202
Copy of JUDG__41,4,Copy of JUDG__86,0.2024
Copy of JUDG__41,5,Copy of JUDG__104,0.1913
Copy of JUDG__42,1,judgement_J_P_252_2020,0.2549
Copy of JUDG__42,2,Copy of JUDG__36,0.2377
Copy of JUDG__42,3,Copy of JUDG__74,0.208
Copy of JUDG__42,4,judgement_J_P_541_2021,0.197
Copy of JUDG__42,5,Copy of JUDG__102,0.1964
Copy of JUDG__43,1,judgement_Crl_P_L_A_1121_2021,0.2389
Copy of JUDG__43,2,judgement_Crl_P_L_A_1033_2025,0.2151
Copy of JUDG__43,3,Copy of JUDG__104,0.2054
Copy of JUDG__43,4,Copy of JUDG__39,0.1973
Copy of JUDG__43,5,Copy of JUDG__68,0.189
Copy of JUDG__44,1,Copy of JUDG__55,0.2654
Copy of JUDG__44,2,Copy of JUDG__6,0.226
Copy of JUDG__44,3,Copy of JUDG__49,0.1998
Copy of JUDG__44,4,Copy of JUDG__80,0.1902
Copy of JUDG__44,5,judgement_Crl_P_L_A_585_2025,0.1897
Copy of JUDG__45,1,Copy of JUDG__61,0.2477
Copy of JUDG__45,2,Copy of JUDG__35,0.2342
Copy of JUDG__45,3,Copy of JUDG__103,0.2016
Copy of JUDG__45,4,Copy of JUDG__1,0.1999
Copy of JUDG__45,5,Copy of JUDG__94,0.1858
Copy of JUDG__46,1,Copy of JUDG__4998,0.2242
Copy of JUDG__46,2,judgement_Crl_P_L_A_39-K_2025,0.2059
Copy of JUDG__46,3,Copy of JUDG__64,0.2047
Copy of JUDG__46,4,judgement_Crl_P_L_A_1121_2021,0.1978
Copy of JUDG__46,5,judgement_J_P_252_2020,0.1909
Copy of JUDG__47,1,Copy of JUDG__8036,0.2397
Copy of JUDG__47,2,Copy of JUDG__29,0.2259
Copy of JUDG__47,3,Copy of JUDG__95,0.2258
Copy of JUDG__47,4,Copy of JUDG__16,0.1986
Copy of JUDG__47,5,Copy of JUDG__31,0.1954
Copy of JUDG__49,1,Copy of JUDG__87,0.3461
Copy of JUDG__49,2,Copy of JUDG__98,0.2832
Copy of JUDG__49,3,Copy of JUDG__104,0.2621
Copy of JUDG__49,4,Copy of JUDG__63,0.2551
Copy of JUDG__49,5,Copy of JUDG__2,0.2199
Copy of JUDG__4998,1,judgement_C_P_L_A_5929_2024,0.2858
Copy of JUDG__4998,2,Copy of JUDG__59,0.269
Copy of JUDG__4998,3,Copy of JUDG__25,0.2435
Copy of JUDG__4998,4,Copy of JUDG__14,0.2376
Copy of JUDG__4998,5,Copy of JUDG__46,0.2242
Copy of JUDG__5,1,Copy of JUDG__9697,0.2223
Copy of JUDG__5,2,Copy of JUDG__58,0.2196
Copy of JUDG__5,3,Copy of JUDG__105,0.2063
Copy of JUDG__5,4,Copy of JUDG__81,0.1917
Copy of JUDG__5,5,judgement_Crl_P_L_A_147-K_2025,0.1835
Copy of JUDG__50,1,judgement_Crl_P_L_A_1121_2021,0.2335
Copy of JUDG__50,2,Copy of JUDG__65,0.2168
Copy of JUDG__50,3,Copy of JUDG__33,0.1981
Copy of JUDG__50,4,judgement_C_P_L_A_88-P_2022,0.198
Copy of JUDG__50,5,Copy of JUDG__41,0.181
Copy of JUDG__51,1,Copy of JUDG__80,0.2512
Copy of JUDG__51,2,Copy of JUDG__19,0.1881
Copy of JUDG__51,3,Copy of JUDG__44,0.1857
Copy of JUDG__51,4,Copy of JUDG__99,0.1825
Copy of JUDG__51,5,Copy of JUDG__6,0.1644
Copy of JUDG__52,1,Copy of JUDG__26,0.236
Copy of JUDG__52,2,Copy of JUDG__41,0.2274
Copy of JUDG__52,3,Copy of JUDG__38,0.2231
Copy of JUDG__52,4,Copy of JUDG__7,0.1898
Copy of JUDG__52,5,Copy of JUDG__9,0.1746
Copy of JUDG__53,1,Copy of JUDG__95,0.2224
Copy of JUDG__53,2,judgement_C_P_L_A_706_2021,0.2105
Copy of JUDG__53,3,Copy of JUDG__67,0.2032
Copy of JUDG__53,4,judgement_C_P_L_A_5929_2024,0.1845
Copy of JUDG__53,5,Copy of JUDG__59,0.1777
Copy of JUDG__54,1,judgement_J_P_286_2020,0.2627
Copy of JUDG__54,2,judgement_C_P_L_A_933-K_2023,0.2441
Copy of JUDG__54,3,Copy of JUDG__82,0.226
Copy of JUDG__54,4,judgement_C_P_L_A_78-K_2024,0.2161
Copy of JUDG__54,5,Copy of JUDG__102,0.1871
Copy of JUDG__55,1,judgement_Crl_P_L_A_1144_2025,0.2806
Copy of JUDG__55,2,Copy of JUDG__44,0.2654
Copy of JUDG__55,3,Copy of JUDG__99,0.2532
Copy of JUDG__55,4,Copy of JUDG__71,0.2338
Copy of JUDG__55,5,judgement_Crl_P_L_A_433_2025,0.2311
Copy of JUDG__57,1,Copy of JUDG__81,0.1721
Copy of JUDG__57,2,Copy of JUDG__6657,0.1639
Copy of JUDG__57,3,Copy of JUDG__87,0.1621
Copy of JUDG__57,4,Copy of JUDG__49,0.156
Copy of JUDG__57,5,Copy of JUDG__59,0.1402
Copy of JUDG__58,1,judgement_C_P_L_A_2788_2022,0.2341
Copy of JUDG__58,2,Copy of JUDG__5,0.2196
Copy of JUDG__58,3,Copy of JUDG__9698,0.1899
Copy of JUDG__58,4,Copy of JUDG__76,0.1818
Copy of JUDG__58,5,Copy of JUDG__84,0.1786
Copy of JUDG__59,1,judgement_C_P_L_A_3-K_2023,0.3108
Copy of JUDG__59,2,Copy of JUDG__4998,0.269
Copy of JUDG__59,3,judgement_Crl_P_L_A_1144_2025,0.2627
Copy of JUDG__59,4,Copy of JUDG__65,0.2268
Copy of JUDG__59,5,Copy of JUDG__33,0.1971
Copy of JUDG__6,1,judgement_J_P_286_2020,0.286
Copy of JUDG__6,2,Copy of JUDG__36,0.2791
Copy of JUDG__6,3,judgement_J_P_611_2022,0.2288
Copy of JUDG__6,4,Copy of JUDG__44,0.226
Copy of JUDG__6,5,judgement_C_P_L_A_933-K_2023,0.2085
Copy of JUDG__60,1,Copy of JUDG__61,0.2786
Copy of JUDG__60,2,Copy of JUDG__87,0.2262
Copy of JUDG__60,3,judgement_Crl_A_351_2023,0.2084
Copy of JUDG__60,4,judgement_Crl_P_L_A_745_2025,0.1986
Copy of JUDG__60,5,Copy of JUDG__7,0.1981
Copy of JUDG__61,1,Copy of JUDG__60,0.2786
Copy of JUDG__61,2,Copy of JUDG__102,0.2683
Copy of JUDG__61,3,Copy of JUDG__45,0.2477
Copy of JUDG__61,4,judgement_J_P_554_2023,0.2078
Copy of JUDG__61,5,Copy of JUDG__7,0.2046
Copy of JUDG__62,1,Copy of JUDG__8036,0.2808
Copy of JUDG__62,2,Copy of JUDG__23,0.1756
Copy of JUDG__62,3,judgement_Crl_P_L_A_433_2025,0.1535
Copy of JUDG__62,4,Copy of JUDG__4,0.153
Copy of JUDG__62,5,Copy of JUDG__17,0.1511
Copy of JUDG__63,1,Copy of JUDG__25,0.3675
Copy of JUDG__63,2,Copy of JUDG__49,0.2551
Copy of JUDG__63,3,judgement_Crl_P_L_A_1144_2025,0.2388
Copy of JUDG__63,4,judgement_C_P_L_A_3-K_2023,0.2309
Copy of JUDG__63,5,Copy of JUDG__37,0.2278
Copy of JUDG__64,1,judgement_C_P_L_A_78-K_2024,0.2689
Copy of JUDG__64,2,Copy of JUDG__46,0.2047
Copy of JUDG__64,3,Copy of JUDG__9545,0.1972
Copy of JUDG__64,4,Copy of JUDG__4998,0.1956
Copy of JUDG__64,5,judgement_C_P_L_A_147-K_2023,0.1936
Copy of JUDG__65,1,Copy of JUDG__83,0.3105
Copy of JUDG__65,2,Copy of JUDG__59,0.2268
Copy of JUDG__65,3,Copy of JUDG__29,0.2183
Copy of JUDG__65,4,Copy of JUDG__50,0.2168
Copy of JUDG__65,5,Copy of JUDG__76,0.2011
Copy of JUDG__66,1,judgement_C_P_L_A_2555_2022,0.2772
Copy of JUDG__66,2,Copy of JUDG__7486,0.2447
Copy of JUDG__66,3,judgement_C_P_L_A_5516_2024,0.2285
Copy of JUDG__66,4,Copy of JUDG__9700,0.2099
Copy of JUDG__66,5,Copy of JUDG__34,0.1996
Copy of JUDG__6657,1,judgement_J_P_286_2020,0.2381
Copy of JUDG__6657,2,Copy of JUDG__90,0.2248
Copy of JUDG__6657,3,Copy of JUDG__11,0.1944
Copy of JUDG__6657,4,judgement_C_P_L_A_2788_2022,0.1835
Copy of JUDG__6657,5,Copy of JUDG__9700,0.1817
Copy of JUDG__67,1,Copy of JUDG__4,0.2321
Copy of JUDG__67,2,Copy of JUDG__23,0.207
Copy of JUDG__67,3,Copy of JUDG__53,0.2032
Copy of JUDG__67,4,judgement_C_P_L_A_1002_2025,0.1965
Copy of JUDG__67,5,Copy of JUDG__9,0.1887
Copy of JUDG__68,1,judgement_Crl_P_L_A_585_2025,0.2741
Copy of JUDG__68,2,judgement_Crl_P_L_A_1121_2021,0.2548
Copy of JUDG__68,3,Copy of JUDG__20,0.2537
Copy of JUDG__68,4,Copy of JUDG__35,0.2185
Copy of JUDG__68,5,Copy of JUDG__43,0.189
Copy of JUDG__69,1,judgement_J_P_554_2023,0.3155
Copy of JUDG__69,2,Copy of JUDG__82,0.2678
Copy of JUDG__69,3,Copy of JUDG__32,0.2493
Copy of JUDG__69,4,Copy of JUDG__8,0.2014
Copy of JUDG__69,5,judgement_Crl_P_L_A_960_2025,0.2005
Copy of JUDG__7,1,judgement_J_P_252_2020,0.3462
Copy of JUDG__7,2,Copy of JUDG__61,0.2046
Copy of JUDG__7,3,Copy of JUDG__60,0.1981
Copy of JUDG__7,4,Copy of JUDG__52,0.1898
Copy of JUDG__7,5,Copy of JUDG__80,0.1869
Copy of JUDG__70,1,judgement_Crl_P_L_A_1144_2025,0.3228
Copy of JUDG__70,2,Copy of JUDG__91,0.2312
Copy of JUDG__70,3,Copy of JUDG__96,0.228
Copy of JUDG__70,4,judgement_Crl_P_L_A_966_2018,0.2272
Copy of JUDG__70,5,judgement_Crl_P_L_A_147-K_2025,0.2171
Copy of JUDG__71,1,Copy of JUDG__103,0.3035
Copy of JUDG__71,2,Copy of JUDG__55,0.2338
Copy of JUDG__71,3,Copy of JUDG__91,0.2102
Copy of JUDG__71,4,Copy of JUDG__74,0.2035
Copy of JUDG__71,5,Copy of JUDG__94,0.1953
Copy of JUDG__72,1,judgement_Crl_P_L_A_1033_2025,0.2386
Copy of JUDG__72,2,Copy of JUDG__99,0.2173
Copy of JUDG__72,3,Copy of JUDG__4,0.1742
Copy of JUDG__72,4,judgement_C_P_L_A_147-K_2023,0.1561
Copy of JUDG__72,5,Copy of JUDG__6,0.1441
Copy of JUDG__7222,1,judgement_C_P_L_A_4-K_2025,0.3151
Copy of JUDG__7222,2,Copy of JUDG__24,0.241
Copy of JUDG__7222,3,Copy of JUDG__94,0.211
Copy of JUDG__7222,4,Copy of JUDG__104,0.1957
Copy of JUDG__7222,5,Copy of JUDG__85,0.1792
Copy of JUDG__73,1,judgement_Crl_P_L_A_39-K_2025,0.2309
Copy of JUDG__73,2,Copy of JUDG__99,0.2229
Copy of JUDG__73,3,judgement_J_P_554_2023,0.1978
Copy of JUDG__73,4,Copy of JUDG__92,0.1966
Copy of JUDG__73,5,Copy of JUDG__7,0.1857
Copy of JUDG__74,1,Copy of JUDG__80,0.2305
Copy of JUDG__74,2,Copy of JUDG__93,0.226
Copy of JUDG__74,3,Copy of JUDG__42,0.208
Copy of JUDG__74,4,Copy of JUDG__71,0.2035
Copy of JUDG__74,5,Copy of JUDG__87,0.2019
Copy of JUDG__7486,1,Copy of JUDG__66,0.2447
Copy of JUDG__7486,2,Copy of JUDG__30,0.2395
Copy of JUDG__7486,3,Copy of JUDG__33,0.2208
Copy of JUDG__7486,4,Copy of JUDG__29,0.202
Copy of JUDG__7486,5,judgement_C_P_L_A_2313_2024,0.1823
Copy of JUDG__7489,1,Copy of JUDG__20,0.236
Copy of JUDG__7489,2,Copy of JUDG__4998,0.2196
Copy of JUDG__7489,3,Copy of JUDG__25,0.2157
Copy of JUDG__7489,4,judgement_Crl_P_L_A_433_2025,0.1979
Copy of JUDG__7489,5,judgement_C_P_L_A_2555_2022,0.1802
Copy of JUDG__75,1,Copy of JUDG__71,0.1874
Copy of JUDG__75,2,Copy of JUDG__4998,0.1835
Copy of JUDG__75,3,Copy of JUDG__7489,0.1686
Copy of JUDG__75,4,Copy of JUDG__96,0.1685
Copy of JUDG__75,5,Copy of JUDG__84,0.165
Copy of JUDG__76,1,Copy of JUDG__65,0.2011
Copy of JUDG__76,2,Copy of JUDG__1,0.1969
Copy of JUDG__76,3,Copy of JUDG__82,0.1895
Copy of JUDG__76,4,Copy of JUDG__58,0.1818
Copy of JUDG__76,5,judgement_C_P_L_A_110_2023,0.1818
Copy of JUDG__77,1,Copy of JUDG__9542,0.2247
Copy of JUDG__77,2,judgement_J_P_375_2023,0.2109
Copy of JUDG__77,3,judgement_C_P_L_A_78-K_2024,0.1995
Copy of JUDG__77,4,judgement_J_P_559_2017,0.1942
Copy of JUDG__77,5,Copy of JUDG__44,0.1728
Copy of JUDG__7771,1,judgement_C_P_L_A_2313_2024,0.2553
Copy of JUDG__7771,2,judgement_C_A_209_2025,0.2285
Copy of JUDG__7771,3,Copy of JUDG__49,0.2188
Copy of JUDG__7771,4,Copy of JUDG__9,0.2014
Copy of JUDG__7771,5,judgement_C_P_L_A_110_2023,0.1893
Copy of JUDG__78,1,Copy of JUDG__85,0.2445
Copy of JUDG__78,2,Copy of JUDG__97,0.2363
Copy of JUDG__78,3,Copy of JUDG__33,0.2362
Copy of JUDG__78,4,judgement_C_P_L_A_1002_2025,0.2335
Copy of JUDG__78,5,Copy of JUDG__16,0.2193
Copy of JUDG__79,1,Copy of JUDG__36,0.1844
Copy of JUDG__79,2,judgement_C_P_L_A_88-P_2022,0.1832
Copy of JUDG__79,3,Copy of JUDG__76,0.1747
Copy of JUDG__79,4,Copy of JUDG__61,0.1687
Copy of JUDG__79,5,judgement_Crl_A_343_2023,0.1671
Copy of JUDG__8,1,judgement_Crl_P_L_A_960_2025,0.3433
Copy of JUDG__8,2,judgement_C_P_L_A_385-L_2021,0.2717
Copy of JUDG__8,3,Copy of JUDG__23,0.2666
Copy of JUDG__8,4,Copy of JUDG__69,0.2014
Copy of JUDG__8,5,judgement_C_P_L_A_4-K_2025,0.1973
Copy of JUDG__80,1,Copy of JUDG__51,0.2512
Copy of JUDG__80,2,Copy of JUDG__74,0.2305
Copy of JUDG__80,3,Copy of JUDG__55,0.2232
Copy of JUDG__80,4,Copy of JUDG__91,0.2008
Copy of JUDG__80,5,judgement_Crl_P_L_A_1184_2025,0.1943
Copy of JUDG__8036,1,Copy of JUDG__62,0.2808
Copy of JUDG__8036,2,Copy of JUDG__9,0.245
Copy of JUDG__8036,3,Copy of JUDG__47,0.2397
Copy of JUDG__8036,4,judgement_J_P_614_2021,0.2313
Copy of JUDG__8036,5,Copy of JUDG__29,0.2186
Copy of JUDG__81,1,judgement_Crl_P_L_A_966_2018,0.2032
Copy of JUDG__81,2,judgement_Crl_P_L_A_1408_2025,0.1957
Copy of JUDG__81,3,Copy of JUDG__5,0.1917
Copy of JUDG__81,4,Copy of JUDG__9697,0.1773
Copy of JUDG__81,5,Copy of JUDG__57,0.1721
Copy of JUDG__82,1,Copy of JUDG__69,0.2678
Copy of JUDG__82,2,judgement_J_P_554_2023,0.2396
Copy of JUDG__82,3,judgement_C_P_L_A_706_2021,0.2279
Copy of JUDG__82,4,Copy of JUDG__54,0.226
Copy of JUDG__82,5,Copy of JUDG__55,0.2201
Copy of JUDG__83,1,Copy of JUDG__65,0.3105
Copy of JUDG__83,2,Copy of JUDG__25,0.2304
Copy of JUDG__83,3,Copy of JUDG__14,0.1983
Copy of JUDG__83,4,judgement_Crl_P_L_A_39-K_2025,0.1916
Copy of JUDG__83,5,Copy of JUDG__17,0.1698
Copy of JUDG__84,1,judgement_J_P_554_2023,0.2734
Copy of JUDG__84,2,Copy of JUDG__41,0.2297
Copy of JUDG__84,3,Copy of JUDG__97,0.1903
Copy of JUDG__84,4,Copy of JUDG__58,0.1786
Copy of JUDG__84,5,Copy of JUDG__73,0.1728
Copy of JUDG__85,1,Copy of JUDG__78,0.2445
Copy of JUDG__85,2,judgement_C_P_L_A_339-L_2023,0.2422
Copy of JUDG__85,3,judgement_C_P_L_A_2313_2024,0.2167
Copy of JUDG__85,4,Copy of JUDG__32,0.2126
Copy of JUDG__85,5,Copy of JUDG__42,0.1931
Copy of JUDG__86,1,Copy of JUDG__39,0.2077
Copy of JUDG__86,2,judgement_J_P_614_2021,0.2043
Copy of JUDG__86,3,Copy of JUDG__41,0.2024
Copy of JUDG__86,4,Copy of JUDG__12,0.2021
Copy of JUDG__86,5,Copy of JUDG__97,0.1959
Copy of JUDG__87,1,Copy of JUDG__49,0.3461
Copy of JUDG__87,2,Copy of JUDG__92,0.2627
Copy of JUDG__87,3,Copy of JUDG__60,0.2262
Copy of JUDG__87,4,Copy of JUDG__74,0.2019
Copy of JUDG__87,5,Copy of JUDG__104,0.1927
Copy of JUDG__88,1,Copy of JUDG__30,0.2621
Copy of JUDG__88,2,Copy of JUDG__19,0.2218
Copy of JUDG__88,3,Copy of JUDG__92,0.2112
Copy of JUDG__88,4,Copy of JUDG__105,0.2005
Copy of JUDG__88,5,Copy of JUDG__32,0.1771
Copy of JUDG__89,1,judgement_C_P_L_A_385-L_2021,0.2365
Copy of JUDG__89,2,Copy of JUDG__98,0.208
Copy of JUDG__89,3,judgement_C_P_L_A_2313_2024,0.1905
Copy of JUDG__89,4,Copy of JUDG__76,0.1708
Copy of JUDG__89,5,Copy of JUDG__27,0.1691
Copy of JUDG__9,1,judgement_C_A_101-K_2022,0.2573
Copy of JUDG__9,2,Copy of JUDG__8036,0.245
Copy of JUDG__9,3,Copy of JUDG__7771,0.2014
Copy of JUDG__9,4,judgement_C_P_L_A_407-K_2021,0.1983
Copy of JUDG__9,5,Copy of JUDG__9700,0.1912
Copy of JUDG__90,1,judgement_J_P_252_2020,0.2499
Copy of JUDG__90,2,Copy of JUDG__6657,0.2248
Copy of JUDG__90,3,Copy of JUDG__91,0.2091
Copy of JUDG__90,4,judgement_Crl_P_L_A_585_2025,0.1942
Copy of JUDG__90,5,Copy of JUDG__26,0.1824
Copy of JUDG__91,1,Copy of JUDG__24,0.3157
Copy of JUDG__91,2,judgement_J_P_286_2020,0.2763
Copy of JUDG__91,3,Copy of JUDG__1,0.2394
Copy of JUDG__91,4,Copy of JUDG__70,0.2312
Copy of JUDG__91,5,Copy of JUDG__55,0.2185
Copy of JUDG__92,1,judgement_Crl_P_L_A_1033_2025,0.2743
Copy of JUDG__92,2,Copy of JUDG__87,0.2627
Copy of JUDG__92,3,judgement_Crl_P_L_A_1408_2025,0.2152
Copy of JUDG__92,4,Copy of JUDG__88,0.2112
Copy of JUDG__92,5,Copy of JUDG__4998,0.2004
Copy of JUDG__93,1,Copy of JUDG__15,0.2319
Copy of JUDG__93,2,Copy of JUDG__74,0.226
Copy of JUDG__93,3,Copy of JUDG__16,0.2212
Copy of JUDG__93,4,Copy of JUDG__1,0.208
Copy of JUDG__93,5,judgement_C_P_L_A_706_2021,0.2003
Copy of JUDG__9366,1,Copy of JUDG__28,0.2762
Copy of JUDG__9366,2,Copy of JUDG__101,0.2136
Copy of JUDG__9366,3,judgement_C_P_L_A_74_2025,0.1988
Copy of JUDG__9366,4,judgement_C_P_L_A_1107-L_2015,0.1771
Copy of JUDG__9366,5,Copy of JUDG__2,0.162
Copy of JUDG__94,1,Copy of JUDG__7222,0.211
Copy of JUDG__94,2,Copy of JUDG__71,0.1953
Copy of JUDG__94,3,Copy of JUDG__45,0.1858
Copy of JUDG__94,4,judgement_C_P_L_A_1002_2025,0.1811
Copy of JUDG__94,5,Copy of JUDG__8,0.1783
Copy of JUDG__95,1,Copy of JUDG__47,0.2258
Copy of JUDG__95,2,Copy of JUDG__53,0.2224
Copy of JUDG__95,3,judgement_Crl_A_351_2023,0.2123
Copy of JUDG__95,4,Copy of JUDG__30,0.2015
Copy of JUDG__95,5,Copy of JUDG__39,0.1999
Copy of JUDG__9542,1,judgement_C_P_L_A_3824_2023,0.2604
Copy of JUDG__9542,2,judgement_Crl_P_L_A_585_2025,0.2535
Copy of JUDG__9542,3,Copy of JUDG__77,0.2247
Copy of JUDG__9542,4,Copy of JUDG__38,0.219
Copy of JUDG__9542,5,judgement_Crl_P_L_A_219-P_2023,0.1766
Copy of JUDG__9545,1,Copy of JUDG__97,0.2563
Copy of JUDG__9545,2,judgement_Crl_P_L_A_219-P_2023,0.2235
Copy of JUDG__9545,3,judgement_J_P_276_2019,0.2119
Copy of JUDG__9545,4,Copy of JUDG__64,0.1972
Copy of JUDG__9545,5,judgement_J_P_554_2023,0.1953
Copy of JUDG__96,1,judgement_J_P_554_2023,0.2922
Copy of JUDG__96,2,judgement_C_P_L_A_706_2021,0.2429
Copy of JUDG__96,3,Copy of JUDG__70,0.228
Copy of JUDG__96,4,Copy of JUDG__22,0.2198
Copy of JUDG__96,5,judgement_C_P_L_A_4-K_2025,0.2185
Copy of JUDG__9697,1,Copy of JUDG__5,0.2223
Copy of JUDG__9697,2,judgement_Crl_P_L_A_1121_2021,0.222
Copy of JUDG__9697,3,judgement_Crl_P_L_A_433_2025,0.2168
Copy of JUDG__9697,4,Copy of JUDG__39,0.2121
Copy of JUDG__9697,5,Copy of JUDG__99,0.1933
Copy of JUDG__9698,1,judgement_J_P_276_2019,0.2618
Copy of JUDG__9698,2,judgement_C_P_L_A_110_2023,0.212
Copy of JUDG__9698,3,Copy of JUDG__97,0.2058
Copy of JUDG__9698,4,Copy of JUDG__8,0.1962
Copy of JUDG__9698,5,Copy of JUDG__58,0.1899
Copy of JUDG__97,1,Copy of JUDG__9545,0.2563
Copy of JUDG__97,2,Copy of JUDG__78,0.2363
Copy of JUDG__97,3,judgement_Crl_P_L_A_219-P_2023,0.2221
Copy of JUDG__97,4,Copy of JUDG__9698,0.2058
Copy of JUDG__97,5,Copy of JUDG__86,0.1959
Copy of JUDG__9700,1,Copy of JUDG__41,0.2202
Copy of JUDG__9700,2,Copy of JUDG__66,0.2099
Copy of JUDG__9700,3,Copy of JUDG__2,0.2043
Copy of JUDG__9700,4,Copy of JUDG__27,0.2017
Copy of JUDG__9700,5,Copy of JUDG__9,0.1912
Copy of JUDG__98,1,Copy of JUDG__49,0.2832
Copy of JUDG__98,2,judgement_C_P_L_A_2788_2022,0.2426
Copy of JUDG__98,3,Copy of JUDG__89,0.208
Copy of JUDG__98,4,Copy of JUDG__87,0.1783
Copy of JUDG__98,5,Copy of JUDG__91,0.1782
Copy of JUDG__99,1,judgement_J_P_554_2023,0.2576
Copy of JUDG__99,2,Copy of JUDG__55,0.2532
Copy of JUDG__99,3,Copy of JUDG__73,0.2229
Copy of JUDG__99,4,Copy of JUDG__72,0.2173
Copy of JUDG__99,5,Copy of JUDG__9697,0.1933
judgement_C_A_101-K_2022,1,Copy of JUDG__9,0.2573
judgement_C_A_101-K_2022,2,Copy of JUDG__25,0.253
judgement_C_A_101-K_2022,3,Copy of JUDG__35,0.2345
judgement_C_A_101-K_2022,4,Copy of JUDG__70,0.1894
judgement_C_A_101-K_2022,5,Copy of JUDG__18,0.1788
judgement_C_A_1388_2017,1,judgement_J_P_541_2021,0.261
judgement_C_A_1388_2017,2,Copy of JUDG__102,0.2584
judgement_C_A_1388_2017,3,Copy of JUDG__30,0.2223
judgement_C_A_1388_2017,4,judgement_C_P_L_A_339-L_2023,0.1925
judgement_C_A_1388_2017,5,Copy of JUDG__33,0.1823
judgement_C_A_209_2025,1,Copy of JUDG__7771,0.2285
judgement_C_A_209_2025,2,Copy of JUDG__105,0.2276
judgement_C_A_209_2025,3,Copy of JUDG__4,0.206
judgement_C_A_209_2025,4,Copy of JUDG__42,0.1875
judgement_C_A_209_2025,5,Copy of JUDG__9700,0.1756
judgement_C_P_L_A_1002_2025,1,Copy of JUDG__78,0.2335
judgement_C_P_L_A_1002_2025,2,Copy of JUDG__67,0.1965
judgement_C_P_L_A_1002_2025,3,judgement_C_P_L_A_385-L_2021,0.1858
judgement_C_P_L_A_1002_2025,4,Copy of JUDG__16,0.1812
judgement_C_P_L_A_1002_2025,5,Copy of JUDG__94,0.1811
judgement_C_P_L_A_1032-K_2025,1,Copy of JUDG__38,0.2887
judgement_C_P_L_A_1032-K_2025,2,Copy of JUDG__31,0.2382
judgement_C_P_L_A_1032-K_2025,3,Copy of JUDG__29,0.2153
judgement_C_P_L_A_1032-K_2025,4,Copy of JUDG__102,0.2094
judgement_C_P_L_A_1032-K_2025,5,Copy of JUDG__43,0.187
judgement_C_P_L_A_1107-L_2015,1,Copy of JUDG__18,0.1999
judgement_C_P_L_A_1107-L_2015,2,Copy of JUDG__19,0.1902
judgement_C_P_L_A_1107-L_2015,3,Copy of JUDG__96,0.1837
judgement_C_P_L_A_1107-L_2015,4,judgement_J_P_554_2023,0.1825
judgement_C_P_L_A_1107-L_2015,5,Copy of JUDG__30,0.1819
judgement_C_P_L_A_110_2023,1,Copy of JUDG__40,0.3099
judgement_C_P_L_A_110_2023,2,judgement_Crl_P_L_A_1033_2025,0.2143
judgement_C_P_L_A_110_2023,3,Copy of JUDG__9698,0.212
judgement_C_P_L_A_110_2023,4,judgement_C_P_L_A_385-L_2021,0.2042
judgement_C_P_L_A_110_2023,5,Copy of JUDG__7771,0.1893
judgement_C_P_L_A_147-K_2023,1,Copy of JUDG__30,0.3546
judgement_C_P_L_A_147-K_2023,2,Copy of JUDG__64,0.1936
judgement_C_P_L_A_147-K_2023,3,Copy of JUDG__88,0.1745
judgement_C_P_L_A_147-K_2023,4,Copy of JUDG__65,0.1719
judgement_C_P_L_A_147-K_2023,5,judgement_C_A_1388_2017,0.1687
judgement_C_P_L_A_2313_2024,1,Copy of JUDG__7771,0.2553
judgement_C_P_L_A_2313_2024,2,Copy of JUDG__85,0.2167
judgement_C_P_L_A_2313_2024,3,Copy of JUDG__89,0.1905
judgement_C_P_L_A_2313_2024,4,judgement_Crl_P_L_A_147-K_2025,0.1892
judgement_C_P_L_A_2313_2024,5,Copy of JUDG__64,0.1845
judgement_C_P_L_A_2555_2022,1,Copy of JUDG__66,0.2772
judgement_C_P_L_A_2555_2022,2,Copy of JUDG__26,0.2399
judgement_C_P_L_A_2555_2022,3,Copy of JUDG__10,0.1822
judgement_C_P_L_A_2555_2022,4,Copy of JUDG__7489,0.1802
judgement_C_P_L_A_2555_2022,5,Copy of JUDG__69,0.1638
judgement_C_P_L_A_2788_2022,1,Copy of JUDG__33,0.2515
judgement_C_P_L_A_2788_2022,2,Copy of JUDG__22,0.2482
judgement_C_P_L_A_2788_2022,3,Copy of JUDG__98,0.2426
judgement_C_P_L_A_2788_2022,4,Copy of JUDG__58,0.2341
judgement_C_P_L_A_2788_2022,5,Copy of JUDG__103,0.2221
judgement_C_P_L_A_3-K_2023,1,Copy of JUDG__37,0.3354
judgement_C_P_L_A_3-K_2023,2,judgement_C_P_L_A_4-K_2025,0.3167
judgement_C_P_L_A_3-K_2023,3,Copy of JUDG__59,0.3108
judgement_C_P_L_A_3-K_2023,4,Copy of JUDG__63,0.2309
judgement_C_P_L_A_3-K_2023,5,Copy of JUDG__49,0.2117
judgement_C_P_L_A_339-L_2023,1,Copy of JUDG__85,0.2422
judgement_C_P_L_A_339-L_2023,2,Copy of JUDG__3,0.2261
judgement_C_P_L_A_339-L_2023,3,judgement_Crl_P_L_A_868_2025,0.2155
judgement_C_P_L_A_339-L_2023,4,judgement_C_A_1388_2017,0.1925
judgement_C_P_L_A_339-L_2023,5,Copy of JUDG__91,0.1818
judgement_C_P_L_A_3824_2023,1,Copy of JUDG__9542,0.2604
judgement_C_P_L_A_3824_2023,2,Copy of JUDG__10,0.2278
judgement_C_P_L_A_3824_2023,3,Copy of JUDG__37,0.2045
judgement_C_P_L_A_3824_2023,4,judgement_Crl_P_L_A_960_2025,0.1872
judgement_C_P_L_A_3824_2023,5,Copy of JUDG__93,0.1619
judgement_C_P_L_A_385-L_2021,1,Copy of JUDG__8,0.2717
judgement_C_P_L_A_385-L_2021,2,Copy of JUDG__89,0.2365
judgement_C_P_L_A_385-L_2021,3,Copy of JUDG__22,0.2255
judgement_C_P_L_A_385-L_2021,4,judgement_Crl_P_L_A_1184_2025,0.2085
judgement_C_P_L_A_385-L_2021,5,judgement_C_P_L_A_110_2023,0.2042
judgement_C_P_L_A_4-K_2025,1,judgement_C_P_L_A_3-K_2023,0.3167
judgement_C_P_L_A_4-K_2025,2,Copy of JUDG__7222,0.3151
judgement_C_P_L_A_4-K_2025,3,Copy of JUDG__37,0.2766
judgement_C_P_L_A_4-K_2025,4,Copy of JUDG__96,0.2185
judgement_C_P_L_A_4-K_2025,5,judgement_C_P_L_A_5929_2024,0.2098
judgement_C_P_L_A_407-K_2021,1,Copy of JUDG__25,0.2721
judgement_C_P_L_A_407-K_2021,2,Copy of JUDG__63,0.2255
judgement_C_P_L_A_407-K_2021,3,Copy of JUDG__37,0.2005
judgement_C_P_L_A_407-K_2021,4,Copy of JUDG__9,0.1983
judgement_C_P_L_A_407-K_2021,5,Copy of JUDG__14,0.1977
judgement_C_P_L_A_5516_2024,1,judgement_J_P_252_2020,0.3114
judgement_C_P_L_A_5516_2024,2,Copy of JUDG__66,0.2285
judgement_C_P_L_A_5516_2024,3,Copy of JUDG__65,0.1901
judgement_C_P_L_A_5516_2024,4,Copy of JUDG__97,0.1765
judgement_C_P_L_A_5516_2024,5,judgement_Crl_P_L_A_1033_2025,0.1399
judgement_C_P_L_A_5929_2024,1,judgement_Crl_A_343_2023,0.3033
judgement_C_P_L_A_5929_2024,2,Copy of JUDG__4998,0.2858
judgement_C_P_L_A_5929_2024,3,Copy of JUDG__24,0.2108
judgement_C_P_L_A_5929_2024,4,judgement_C_P_L_A_4-K_2025,0.2098
judgement_C_P_L_A_5929_2024,5,Copy of JUDG__29,0.2036
judgement_C_P_L_A_706_2021,1,judgement_J_P_554_2023,0.2636
judgement_C_P_L_A_706_2021,2,Copy of JUDG__96,0.2429
judgement_C_P_L_A_706_2021,3,Copy of JUDG__82,0.2279
judgement_C_P_L_A_706_2021,4,Copy of JUDG__53,0.2105
judgement_C_P_L_A_706_2021,5,Copy of JUDG__93,0.2003
judgement_C_P_L_A_74_2025,1,Copy of JUDG__102,0.2436
judgement_C_P_L_A_74_2025,2,judgement_Crl_P_L_A_966_2018,0.241
judgement_C_P_L_A_74_2025,3,Copy of JUDG__27,0.2341
judgement_C_P_L_A_74_2025,4,Copy of JUDG__12,0.2003
judgement_C_P_L_A_74_2025,5,Copy of JUDG__9366,0.1988
judgement_C_P_L_A_78-K_2024,1,Copy of JUDG__64,0.2689
judgement_C_P_L_A_78-K_2024,2,Copy of JUDG__29,0.2317
judgement_C_P_L_A_78-K_2024,3,Copy of JUDG__63,0.2239
judgement_C_P_L_A_78-K_2024,4,Copy of JUDG__54,0.2161
judgement_C_P_L_A_78-K_2024,5,Copy of JUDG__77,0.1995
judgement_C_P_L_A_88-P_2022,1,judgement_Crl_P_L_A_219-P_2023,0.211
judgement_C_P_L_A_88-P_2022,2,judgement_Crl_P_L_A_1121_2021,0.2039
judgement_C_P_L_A_88-P_2022,3,Copy of JUDG__50,0.198
judgement_C_P_L_A_88-P_2022,4,Copy of JUDG__13,0.191
judgement_C_P_L_A_88-P_2022,5,Copy of JUDG__3,0.1876
judgement_C_P_L_A_933-K_2023,1,Copy of JUDG__54,0.2441
judgement_C_P_L_A_933-K_2023,2,Copy of JUDG__6,0.2085
judgement_C_P_L_A_933-K_2023,3,Copy of JUDG__4,0.196
judgement_C_P_L_A_933-K_2023,4,Copy of JUDG__92,0.175
judgement_C_P_L_A_933-K_2023,5,Copy of JUDG__104,0.1529
judgement_Crl_A_343_2023,1,judgement_C_P_L_A_5929_2024,0.3033
judgement_Crl_A_343_2023,2,Copy of JUDG__103,0.1985
judgement_Crl_A_343_2023,3,Copy of JUDG__61,0.1916
judgement_Crl_A_343_2023,4,Copy of JUDG__71,0.1885
judgement_Crl_A_343_2023,5,Copy of JUDG__79,0.1671
judgement_Crl_A_351_2023,1,Copy of JUDG__22,0.2532
judgement_Crl_A_351_2023,2,Copy of JUDG__25,0.2456
judgement_Crl_A_351_2023,3,Copy of JUDG__95,0.2123
judgement_Crl_A_351_2023,4,judgement_Crl_P_L_A_1144_2025,0.2113
judgement_Crl_A_351_2023,5,Copy of JUDG__60,0.2084
judgement_Crl_P_L_A_1033_2025,1,Copy of JUDG__92,0.2743
judgement_Crl_P_L_A_1033_2025,2,Copy of JUDG__72,0.2386
judgement_Crl_P_L_A_1033_2025,3,Copy of JUDG__43,0.2151
judgement_Crl_P_L_A_1033_2025,4,Copy of JUDG__4,0.2144
judgement_Crl_P_L_A_1033_2025,5,judgement_C_P_L_A_110_2023,0.2143
judgement_Crl_P_L_A_1055_2025,1,Copy of JUDG__37,0.2031
judgement_Crl_P_L_A_1055_2025,2,Copy of JUDG__21,0.2025
judgement_Crl_P_L_A_1055_2025,3,Copy of JUDG__82,0.1859
judgement_Crl_P_L_A_1055_2025,4,Copy of JUDG__8036,0.1777
judgement_Crl_P_L_A_1055_2025,5,judgement_J_P_614_2021,0.1759
judgement_Crl_P_L_A_1121_2021,1,Copy of JUDG__68,0.2548
judgement_Crl_P_L_A_1121_2021,2,Copy of JUDG__43,0.2389
judgement_Crl_P_L_A_1121_2021,3,Copy of JUDG__50,0.2335
judgement_Crl_P_L_A_1121_2021,4,Copy of JUDG__9697,0.222
judgement_Crl_P_L_A_1121_2021,5,judgement_C_P_L_A_88-P_2022,0.2039
judgement_Crl_P_L_A_1144_2025,1,Copy of JUDG__70,0.3228
judgement_Crl_P_L_A_1144_2025,2,Copy of JUDG__55,0.2806
judgement_Crl_P_L_A_1144_2025,3,Copy of JUDG__59,0.2627
judgement_Crl_P_L_A_1144_2025,4,Copy of JUDG__63,0.2388
judgement_Crl_P_L_A_1144_2025,5,judgement_Crl_A_351_2023,0.2113
judgement_Crl_P_L_A_1184_2025,1,Copy of JUDG__101,0.2403
judgement_Crl_P_L_A_1184_2025,2,Copy of JUDG__40,0.2131
judgement_Crl_P_L_A_1184_2025,3,judgement_C_P_L_A_385-L_2021,0.2085
judgement_Crl_P_L_A_1184_2025,4,Copy of JUDG__80,0.1943
judgement_Crl_P_L_A_1184_2025,5,judgement_Crl_P_L_A_1121_2021,0.1911
judgement_Crl_P_L_A_1408_2025,1,Copy of JUDG__92,0.2152
judgement_Crl_P_L_A_1408_2025,2,Copy of JUDG__29,0.2075
judgement_Crl_P_L_A_1408_2025,3,Copy of JUDG__81,0.1957
judgement_Crl_P_L_A_1408_2025,4,Copy of JUDG__3,0.1739
judgement_Crl_P_L_A_1408_2025,5,Copy of JUDG__77,0.1577
judgement_Crl_P_L_A_147-K_2025,1,Copy of JUDG__70,0.2171
judgement_Crl_P_L_A_147-K_2025,2,Copy of JUDG__102,0.2013
judgement_Crl_P_L_A_147-K_2025,3,Copy of JUDG__28,0.1986
judgement_Crl_P_L_A_147-K_2025,4,Copy of JUDG__19,0.1975
judgement_Crl_P_L_A_147-K_2025,5,judgement_C_P_L_A_2313_2024,0.1892
judgement_Crl_P_L_A_219-P_2023,1,Copy of JUDG__9545,0.2235
judgement_Crl_P_L_A_219-P_2023,2,Copy of JUDG__97,0.2221
judgement_Crl_P_L_A_219-P_2023,3,judgement_C_P_L_A_88-P_2022,0.211
judgement_Crl_P_L_A_219-P_2023,4,Copy of JUDG__95,0.199
judgement_Crl_P_L_A_219-P_2023,5,judgement_J_P_375_2023,0.1831
judgement_Crl_P_L_A_39-K_2025,1,Copy of JUDG__73,0.2309
judgement_Crl_P_L_A_39-K_2025,2,Copy of JUDG__46,0.2059
judgement_Crl_P_L_A_39-K_2025,3,Copy of JUDG__83,0.1916
judgement_Crl_P_L_A_39-K_2025,4,Copy of JUDG__6,0.1584
judgement_Crl_P_L_A_39-K_2025,5,judgement_Crl_P_L_A_1033_2025,0.1561
judgement_Crl_P_L_A_433_2025,1,Copy of JUDG__55,0.2311
judgement_Crl_P_L_A_433_2025,2,Copy of JUDG__9697,0.2168
judgement_Crl_P_L_A_433_2025,3,Copy of JUDG__82,0.2045
judgement_Crl_P_L_A_433_2025,4,Copy of JUDG__7489,0.1979
judgement_Crl_P_L_A_433_2025,5,Copy of JUDG__23,0.1832
judgement_Crl_P_L_A_585_2025,1,Copy of JUDG__68,0.2741
judgement_Crl_P_L_A_585_2025,2,Copy of JUDG__9542,0.2535
judgement_Crl_P_L_A_585_2025,3,Copy of JUDG__13,0.228
judgement_Crl_P_L_A_585_2025,4,Copy of JUDG__90,0.1942
judgement_Crl_P_L_A_585_2025,5,Copy of JUDG__44,0.1897
judgement_Crl_P_L_A_745_2025,1,Copy of JUDG__60,0.1986
judgement_Crl_P_L_A_745_2025,2,judgement_C_P_L_A_3-K_2023,0.1958
judgement_Crl_P_L_A_745_2025,3,Copy of JUDG__34,0.1837
judgement_Crl_P_L_A_745_2025,4,Copy of JUDG__81,0.17
judgement_Crl_P_L_A_745_2025,5,judgement_Crl_P_L_A_147-K_2025,0.1661
judgement_Crl_P_L_A_868_2025,1,Copy of JUDG__2,0.2264
judgement_Crl_P_L_A_868_2025,2,judgement_C_P_L_A_339-L_2023,0.2155
judgement_Crl_P_L_A_868_2025,3,Copy of JUDG__34,0.1764
judgement_Crl_P_L_A_868_2025,4,Copy of JUDG__42,0.1707
judgement_Crl_P_L_A_868_2025,5,Copy of JUDG__83,0.1682
judgement_Crl_P_L_A_960_2025,1,Copy of JUDG__8,0.3433
judgement_Crl_P_L_A_960_2025,2,Copy of JUDG__69,0.2005
judgement_Crl_P_L_A_960_2025,3,Copy of JUDG__12,0.1922
judgement_Crl_P_L_A_960_2025,4,Copy of JUDG__36,0.1919
judgement_Crl_P_L_A_960_2025,5,judgement_C_P_L_A_3824_2023,0.1872
judgement_Crl_P_L_A_966_2018,1,judgement_C_P_L_A_74_2025,0.241
judgement_Crl_P_L_A_966_2018,2,Copy of JUDG__70,0.2272
judgement_Crl_P_L_A_966_2018,3,Copy of JUDG__2,0.2052
judgement_Crl_P_L_A_966_2018,4,Copy of JUDG__81,0.2032
judgement_Crl_P_L_A_966_2018,5,Copy of JUDG__17,0.1894
judgement_J_P_252_2020,1,Copy of JUDG__7,0.3462
judgement_J_P_252_2020,2,judgement_C_P_L_A_5516_2024,0.3114
judgement_J_P_252_2020,3,Copy of JUDG__42,0.2549
judgement_J_P_252_2020,4,Copy of JUDG__90,0.2499
judgement_J_P_252_2020,5,judgement_C_P_L_A_4-K_2025,0.2096
judgement_J_P_276_2019,1,Copy of JUDG__9698,0.2618
judgement_J_P_276_2019,2,Copy of JUDG__9545,0.2119
judgement_J_P_276_2019,3,Copy of JUDG__86,0.1934
judgement_J_P_276_2019,4,Copy of JUDG__78,0.1837
judgement_J_P_276_2019,5,Copy of JUDG__95,0.1817
judgement_J_P_286_2020,1,Copy of JUDG__6,0.286
judgement_J_P_286_2020,2,Copy of JUDG__91,0.2763
judgement_J_P_286_2020,3,Copy of JUDG__12,0.2665
judgement_J_P_286_2020,4,Copy of JUDG__54,0.2627
judgement_J_P_286_2020,5,Copy of JUDG__6657,0.2381
judgement_J_P_375_2023,1,judgement_J_P_541_2021,0.2458
judgement_J_P_375_2023,2,Copy of JUDG__29,0.2437
judgement_J_P_375_2023,3,Copy of JUDG__77,0.2109
judgement_J_P_375_2023,4,Copy of JUDG__8036,0.2094
judgement_J_P_375_2023,5,Copy of JUDG__85,0.1875
judgement_J_P_541_2021,1,Copy of JUDG__23,0.2851
judgement_J_P_541_2021,2,judgement_C_A_1388_2017,0.261
judgement_J_P_541_2021,3,judgement_J_P_375_2023,0.2458
judgement_J_P_541_2021,4,judgement_J_P_252_2020,0.197
judgement_J_P_541_2021,5,Copy of JUDG__42,0.197
judgement_J_P_554_2023,1,Copy of JUDG__69,0.3155
judgement_J_P_554_2023,2,Copy of JUDG__96,0.2922
judgement_J_P_554_2023,3,Copy of JUDG__84,0.2734
judgement_J_P_554_2023,4,Copy of JUDG__17,0.2698
judgement_J_P_554_2023,5,judgement_C_P_L_A_706_2021,0.2636
judgement_J_P_559_2017,1,Copy of JUDG__22,0.2338
judgement_J_P_559_2017,2,Copy of JUDG__1,0.2044
judgement_J_P_559_2017,3,Copy of JUDG__77,0.1942
judgement_J_P_559_2017,4,Copy of JUDG__91,0.1812
judgement_J_P_559_2017,5,Copy of JUDG__13,0.1785
judgement_J_P_611_2022,1,Copy of JUDG__6,0.2288
judgement_J_P_611_2022,2,Copy of JUDG__70,0.1991
judgement_J_P_611_2022,3,judgement_C_P_L_A_2313_2024,0.1812
judgement_J_P_611_2022,4,Copy of JUDG__19,0.1796
judgement_J_P_611_2022,5,Copy of JUDG__18,0.1765
judgement_J_P_614_2021,1,Copy of JUDG__8036,0.2313
judgement_J_P_614_2021,2,Copy of JUDG__3,0.2113
judgement_J_P_614_2021,3,Copy of JUDG__86,0.2043
judgement_J_P_614_2021,4,judgement_Crl_P_L_A_1055_2025,0.1759
judgement_J_P_614_2021,5,Copy of JUDG__29,0.1723
