query_case,rank,similar_case,score
Copy of JUDG__1,1,Copy of JUDG__4,0.5742611289024353
Copy of JUDG__1,2,Copy of JUDG__11,0.5431532859802246
Copy of JUDG__1,3,judgement_Crl_P_L_A_147-K_2025,0.5424065589904785
Copy of JUDG__1,4,Copy of JUDG__34,0.5347315073013306
Copy of JUDG__1,5,judgement_C_P_L_A_1032-K_2025,0.5270172357559204
Copy of JUDG__10,1,Copy of JUDG__99,0.645780086517334
Copy of JUDG__10,2,Copy of JUDG__18,0.6312993764877319
Copy of JUDG__10,3,Copy of JUDG__91,0.6285598278045654
Copy of JUDG__10,4,Copy of JUDG__5,0.6267250776290894
Copy of JUDG__10,5,Copy of JUDG__9,0.6267250776290894
Copy of JUDG__101,1,Copy of JUDG__102,0.6224914193153381
Copy of JUDG__101,2,Copy of JUDG__91,0.603008508682251
Copy of JUDG__101,3,Copy of JUDG__20,0.5860015749931335
Copy of JUDG__101,4,Copy of JUDG__75,0.5807409286499023
Copy of JUDG__101,5,judgement_Crl_P_L_A_1033_2025,0.5796948075294495
Copy of JUDG__102,1,Copy of JUDG__101,0.6224914193153381
Copy of JUDG__102,2,judgement_J_P_375_2023,0.5718823075294495
Copy of JUDG__102,3,Copy of JUDG__6,0.566360354423523
Copy of JUDG__102,4,judgement_Crl_P_L_A_960_2025,0.5610771179199219
Copy of JUDG__102,5,Copy of JUDG__9,0.5596540570259094
Copy of JUDG__103,1,Copy of JUDG__82,0.5481042265892029
Copy of JUDG__103,2,Copy of JUDG__34,0.5198849439620972
Copy of JUDG__103,3,Copy of JUDG__31,0.4957425594329834
Copy of JUDG__103,4,Copy of JUDG__22,0.4894492030143738
Copy of JUDG__103,5,Copy of JUDG__3,0.48858344554901123
Copy of JUDG__104,1,judgement_J_P_611_2022,0.5607802867889404
Copy of JUDG__104,2,judgement_Crl_P_L_A_39-K_2025,0.5426099300384521
Copy of JUDG__104,3,Copy of JUDG__51,0.5387852191925049
Copy of JUDG__104,4,judgement_Crl_A_343_2023,0.5217475891113281
Copy of JUDG__104,5,Copy of JUDG__59,0.507702648639679
Copy of JUDG__105,1,Copy of JUDG__66,0.7534568905830383
Copy of JUDG__105,2,Copy of JUDG__42,0.700263500213623
Copy of JUDG__105,3,Copy of JUDG__6,0.700003981590271
Copy of JUDG__105,4,Copy of JUDG__68,0.6909456849098206
Copy of JUDG__105,5,judgement_Crl_P_L_A_1184_2025,0.6799427270889282
Copy of JUDG__11,1,Copy of JUDG__32,0.7362017631530762
Copy of JUDG__11,2,judgement_Crl_P_L_A_147-K_2025,0.7164452075958252
Copy of JUDG__11,3,Copy of JUDG__53,0.6715991497039795
Copy of JUDG__11,4,Copy of JUDG__4,0.660744845867157
Copy of JUDG__11,5,Copy of JUDG__61,0.648921012878418
Copy of JUDG__12,1,Copy of JUDG__79,0.7274570465087891
Copy of JUDG__12,2,Copy of JUDG__68,0.6878001689910889
Copy of JUDG__12,3,Copy of JUDG__58,0.661003589630127
Copy of JUDG__12,4,Copy of JUDG__51,0.6559568643569946
Copy of JUDG__12,5,Copy of JUDG__75,0.6453375220298767
Copy of JUDG__13,1,Copy of JUDG__6,0.6983622312545776
Copy of JUDG__13,2,Copy of JUDG__93,0.689717173576355
Copy of JUDG__13,3,Copy of JUDG__42,0.6875137090682983
Copy of JUDG__13,4,Copy of JUDG__83,0.6851505637168884
Copy of JUDG__13,5,Copy of JUDG__58,0.6782723665237427
Copy of JUDG__14,1,Copy of JUDG__11,0.561204195022583
Copy of JUDG__14,2,Copy of JUDG__36,0.5260374546051025
Copy of JUDG__14,3,judgement_C_P_L_A_5516_2024,0.511561930179596
Copy of JUDG__14,4,Copy of JUDG__84,0.4891253113746643
Copy of JUDG__14,5,Copy of JUDG__39,0.4891253113746643
Copy of JUDG__15,1,Copy of JUDG__73,0.7093459367752075
Copy of JUDG__15,2,Copy of JUDG__50,0.6835992336273193
Copy of JUDG__15,3,Copy of JUDG__72,0.6828334927558899
Copy of JUDG__15,4,Copy of JUDG__8,0.6647974252700806
Copy of JUDG__15,5,Copy of JUDG__18,0.663176417350769
Copy of JUDG__16,1,Copy of JUDG__58,0.7119036316871643
Copy of JUDG__16,2,Copy of JUDG__5,0.6827704906463623
Copy of JUDG__16,3,Copy of JUDG__9,0.6827704906463623
Copy of JUDG__16,4,Copy of JUDG__59,0.6617489457130432
Copy of JUDG__16,5,Copy of JUDG__75,0.6418631076812744
Copy of JUDG__17,1,Copy of JUDG__66,0.7365818023681641
Copy of JUDG__17,2,Copy of JUDG__93,0.7111901044845581
Copy of JUDG__17,3,Copy of JUDG__68,0.7098662853240967
Copy of JUDG__17,4,Copy of JUDG__22,0.6810948848724365
Copy of JUDG__17,5,Copy of JUDG__6,0.666330873966217
Copy of JUDG__18,1,Copy of JUDG__85,0.696742832660675
Copy of JUDG__18,2,Copy of JUDG__8,0.69413161277771
Copy of JUDG__18,3,Copy of JUDG__6,0.6814324259757996
Copy of JUDG__18,4,judgement_Crl_P_L_A_1184_2025,0.677314043045044
Copy of JUDG__18,5,judgement_C_P_L_A_4-K_2025,0.6723490953445435
Copy of JUDG__19,1,Copy of JUDG__99,0.483323335647583
Copy of JUDG__19,2,Copy of JUDG__93,0.48009610176086426
Copy of JUDG__19,3,Copy of JUDG__34,0.4800325036048889
Copy of JUDG__19,4,judgement_C_A_209_2025,0.4749644994735718
Copy of JUDG__19,5,judgement_Crl_P_L_A_1184_2025,0.4680127501487732
Copy of JUDG__2,1,Copy of JUDG__4,0.5429614782333374
Copy of JUDG__2,2,judgement_C_P_L_A_2788_2022,0.4837276339530945
Copy of JUDG__2,3,judgement_Crl_P_L_A_147-K_2025,0.4704345762729645
Copy of JUDG__2,4,judgement_J_P_286_2020,0.4644063711166382
Copy of JUDG__2,5,Copy of JUDG__34,0.4547243118286133
Copy of JUDG__20,1,Copy of JUDG__55,0.6710163950920105
Copy of JUDG__20,2,Copy of JUDG__63,0.6691807508468628
Copy of JUDG__20,3,Copy of JUDG__85,0.6667790412902832
Copy of JUDG__20,4,judgement_Crl_P_L_A_147-K_2025,0.6317113637924194
Copy of JUDG__20,5,Copy of JUDG__18,0.6305925250053406
Copy of JUDG__21,1,Copy of JUDG__91,0.6134203672409058
Copy of JUDG__21,2,Copy of JUDG__68,0.5760596990585327
Copy of JUDG__21,3,Copy of JUDG__69,0.5714439153671265
Copy of JUDG__21,4,Copy of JUDG__79,0.5637377500534058
Copy of JUDG__21,5,Copy of JUDG__99,0.5557299852371216
Copy of JUDG__22,1,Copy of JUDG__17,0.6810948848724365
Copy of JUDG__22,2,Copy of JUDG__93,0.6550615429878235
Copy of JUDG__22,3,Copy of JUDG__66,0.6405654549598694
Copy of JUDG__22,4,Copy of JUDG__83,0.6388605833053589
Copy of JUDG__22,5,Copy of JUDG__79,0.638271689414978
Copy of JUDG__23,1,Copy of JUDG__87,0.4148648977279663
Copy of JUDG__23,2,Copy of JUDG__41,0.4075901508331299
Copy of JUDG__23,3,Copy of JUDG__49,0.3914698362350464
Copy of JUDG__23,4,Copy of JUDG__11,0.374167799949646
Copy of JUDG__23,5,Copy of JUDG__2,0.37331146001815796
Copy of JUDG__24,1,Copy of JUDG__28,0.559618353843689
Copy of JUDG__24,2,Copy of JUDG__34,0.5592091679573059
Copy of JUDG__24,3,Copy of JUDG__82,0.5153672695159912
Copy of JUDG__24,4,Copy of JUDG__50,0.48160338401794434
Copy of JUDG__24,5,judgement_C_P_L_A_1107-L_2015,0.4692208468914032
Copy of JUDG__25,1,Copy of JUDG__75,0.5940741300582886
Copy of JUDG__25,2,Copy of JUDG__79,0.5861879587173462
Copy of JUDG__25,3,Copy of JUDG__22,0.5778852701187134
Copy of JUDG__25,4,Copy of JUDG__83,0.5777802467346191
Copy of JUDG__25,5,Copy of JUDG__72,0.5720270872116089
Copy of JUDG__26,1,Copy of JUDG__51,0.7103271484375
Copy of JUDG__26,2,Copy of JUDG__4,0.7038272023200989
Copy of JUDG__26,3,judgement_C_P_L_A_933-K_2023,0.6781080961227417
Copy of JUDG__26,4,judgement_C_A_101-K_2022,0.6749832034111023
Copy of JUDG__26,5,judgement_Crl_P_L_A_147-K_2025,0.650407075881958
Copy of JUDG__27,1,Copy of JUDG__68,0.7686405777931213
Copy of JUDG__27,2,Copy of JUDG__66,0.7412045001983643
Copy of JUDG__27,3,Copy of JUDG__51,0.7140937447547913
Copy of JUDG__27,4,Copy of JUDG__105,0.6472697257995605
Copy of JUDG__27,5,Copy of JUDG__12,0.6441957950592041
Copy of JUDG__28,1,Copy of JUDG__24,0.559618353843689
Copy of JUDG__28,2,Copy of JUDG__34,0.453385591506958
Copy of JUDG__28,3,Copy of JUDG__50,0.3670862913131714
Copy of JUDG__28,4,Copy of JUDG__44,0.3608776032924652
Copy of JUDG__28,5,Copy of JUDG__18,0.35316312313079834
Copy of JUDG__29,1,Copy of JUDG__32,0.6650853157043457
Copy of JUDG__29,2,Copy of JUDG__11,0.6317062973976135
Copy of JUDG__29,3,judgement_Crl_P_L_A_1184_2025,0.5833448171615601
Copy of JUDG__29,4,Copy of JUDG__15,0.5823238492012024
Copy of JUDG__29,5,Copy of JUDG__31,0.5692334175109863
Copy of JUDG__3,1,Copy of JUDG__8,0.7062063217163086
Copy of JUDG__3,2,Copy of JUDG__59,0.6601481437683105
Copy of JUDG__3,3,Copy of JUDG__85,0.6446374654769897
Copy of JUDG__3,4,Copy of JUDG__18,0.6135120391845703
Copy of JUDG__3,5,Copy of JUDG__73,0.5819517374038696
Copy of JUDG__30,1,Copy of JUDG__50,0.7283031940460205
Copy of JUDG__30,2,Copy of JUDG__18,0.6721842288970947
Copy of JUDG__30,3,Copy of JUDG__13,0.6456745862960815
Copy of JUDG__30,4,Copy of JUDG__33,0.6424845457077026
Copy of JUDG__30,5,judgement_C_P_L_A_4-K_2025,0.630164384841919
Copy of JUDG__31,1,judgement_J_P_541_2021,0.6044474840164185
Copy of JUDG__31,2,Copy of JUDG__4,0.5930547714233398
Copy of JUDG__31,3,Copy of JUDG__85,0.5863280892372131
Copy of JUDG__31,4,Copy of JUDG__32,0.5748848915100098
Copy of JUDG__31,5,judgement_C_P_L_A_2555_2022,0.5710206627845764
Copy of JUDG__32,1,Copy of JUDG__11,0.7362017631530762
Copy of JUDG__32,2,Copy of JUDG__29,0.6650853157043457
Copy of JUDG__32,3,Copy of JUDG__36,0.6121730804443359
Copy of JUDG__32,4,judgement_J_P_541_2021,0.6118563413619995
Copy of JUDG__32,5,Copy of JUDG__20,0.5841656923294067
Copy of JUDG__33,1,Copy of JUDG__50,0.6584972143173218
Copy of JUDG__33,2,Copy of JUDG__30,0.6424845457077026
Copy of JUDG__33,3,Copy of JUDG__39,0.5792186260223389
Copy of JUDG__33,4,Copy of JUDG__84,0.5792186260223389
Copy of JUDG__33,5,Copy of JUDG__8,0.5554168820381165
Copy of JUDG__34,1,Copy of JUDG__4,0.6165955066680908
Copy of JUDG__34,2,Copy of JUDG__72,0.58660888671875
Copy of JUDG__34,3,Copy of JUDG__20,0.5669371485710144
Copy of JUDG__34,4,Copy of JUDG__24,0.5592091679573059
Copy of JUDG__34,5,judgement_Crl_P_L_A_1184_2025,0.5569618940353394
Copy of JUDG__35,1,Copy of JUDG__11,0.6076384782791138
Copy of JUDG__35,2,Copy of JUDG__36,0.5899856090545654
Copy of JUDG__35,3,Copy of JUDG__37,0.5843775272369385
Copy of JUDG__35,4,Copy of JUDG__61,0.5327295064926147
Copy of JUDG__35,5,Copy of JUDG__65,0.5255374312400818
Copy of JUDG__36,1,Copy of JUDG__49,0.6937206983566284
Copy of JUDG__36,2,Copy of JUDG__11,0.6472399234771729
Copy of JUDG__36,3,judgement_Crl_P_L_A_147-K_2025,0.6259640455245972
Copy of JUDG__36,4,Copy of JUDG__76,0.619832456111908
Copy of JUDG__36,5,Copy of JUDG__32,0.6121730804443359
Copy of JUDG__37,1,Copy of JUDG__35,0.5843775272369385
Copy of JUDG__37,2,Copy of JUDG__65,0.5714373588562012
Copy of JUDG__37,3,Copy of JUDG__8,0.5305635333061218
Copy of JUDG__37,4,Copy of JUDG__96,0.529436469078064
Copy of JUDG__37,5,Copy of JUDG__57,0.529436469078064
Copy of JUDG__38,1,Copy of JUDG__46,0.6939745545387268
Copy of JUDG__38,2,Copy of JUDG__14,0.4748450517654419
Copy of JUDG__38,3,Copy of JUDG__39,0.4217662811279297
Copy of JUDG__38,4,Copy of JUDG__84,0.4217662811279297
Copy of JUDG__38,5,Copy of JUDG__33,0.3914705514907837
Copy of JUDG__39,1,Copy of JUDG__84,1.0000001192092896
Copy of JUDG__39,2,Copy of JUDG__33,0.5792186260223389
Copy of JUDG__39,3,Copy of JUDG__8,0.5331553220748901
Copy of JUDG__39,4,judgement_Crl_P_L_A_147-K_2025,0.5272645950317383
Copy of JUDG__39,5,Copy of JUDG__65,0.5259416103363037
Copy of JUDG__4,1,Copy of JUDG__26,0.7038272023200989
Copy of JUDG__4,2,judgement_Crl_P_L_A_147-K_2025,0.6983773112297058
Copy of JUDG__4,3,judgement_C_P_L_A_933-K_2023,0.6805403828620911
Copy of JUDG__4,4,Copy of JUDG__66,0.6702001094818115
Copy of JUDG__4,5,judgement_Crl_P_L_A_960_2025,0.6660186052322388
Copy of JUDG__40,1,judgement_Crl_P_L_A_1184_2025,0.5898364782333374
Copy of JUDG__40,2,judgement_C_A_1388_2017,0.5583999752998352
Copy of JUDG__40,3,Copy of JUDG__26,0.5485196113586426
Copy of JUDG__40,4,Copy of JUDG__66,0.5383381843566895
Copy of JUDG__40,5,Copy of JUDG__58,0.526939332485199
Copy of JUDG__41,1,Copy of JUDG__72,0.6675059199333191
Copy of JUDG__41,2,Copy of JUDG__4,0.6366389989852905
Copy of JUDG__41,3,judgement_J_P_541_2021,0.61860191822052
Copy of JUDG__41,4,Copy of JUDG__26,0.6173336505889893
Copy of JUDG__41,5,judgement_C_P_L_A_1032-K_2025,0.613831639289856
Copy of JUDG__42,1,Copy of JUDG__66,0.7282204627990723
Copy of JUDG__42,2,Copy of JUDG__105,0.7002634406089783
Copy of JUDG__42,3,Copy of JUDG__72,0.6929302215576172
Copy of JUDG__42,4,Copy of JUDG__13,0.6875137090682983
Copy of JUDG__42,5,Copy of JUDG__6,0.6737464666366577
Copy of JUDG__43,1,Copy of JUDG__97,0.5639674067497253
Copy of JUDG__43,2,Copy of JUDG__6657,0.5523120164871216
Copy of JUDG__43,3,Copy of JUDG__10,0.5435060262680054
Copy of JUDG__43,4,Copy of JUDG__22,0.5313226580619812
Copy of JUDG__43,5,judgement_J_P_554_2023,0.5181283950805664
Copy of JUDG__44,1,Copy of JUDG__58,0.6203567981719971
Copy of JUDG__44,2,Copy of JUDG__13,0.61470627784729
Copy of JUDG__44,3,judgement_Crl_P_L_A_960_2025,0.6088607311248779
Copy of JUDG__44,4,Copy of JUDG__18,0.6087158918380737
Copy of JUDG__44,5,Copy of JUDG__42,0.6049503684043884
Copy of JUDG__45,1,Copy of JUDG__18,0.5555973052978516
Copy of JUDG__45,2,Copy of JUDG__64,0.5363306999206543
Copy of JUDG__45,3,Copy of JUDG__6,0.5360854864120483
Copy of JUDG__45,4,judgement_Crl_P_L_A_1184_2025,0.5352742671966553
Copy of JUDG__45,5,judgement_Crl_P_L_A_585_2025,0.5348855257034302
Copy of JUDG__46,1,Copy of JUDG__38,0.6939745545387268
Copy of JUDG__46,2,Copy of JUDG__84,0.45618075132369995
Copy of JUDG__46,3,Copy of JUDG__39,0.45618075132369995
Copy of JUDG__46,4,Copy of JUDG__33,0.4413001835346222
Copy of JUDG__46,5,Copy of JUDG__14,0.432928204536438
Copy of JUDG__47,1,Copy of JUDG__105,0.6742370128631592
Copy of JUDG__47,2,Copy of JUDG__51,0.6690720319747925
Copy of JUDG__47,3,Copy of JUDG__13,0.6631170511245728
Copy of JUDG__47,4,Copy of JUDG__42,0.6371741890907288
Copy of JUDG__47,5,Copy of JUDG__66,0.6347476840019226
Copy of JUDG__49,1,Copy of JUDG__36,0.6937206983566284
Copy of JUDG__49,2,Copy of JUDG__76,0.6491314172744751
Copy of JUDG__49,3,Copy of JUDG__53,0.5934451222419739
Copy of JUDG__49,4,Copy of JUDG__11,0.5924389958381653
Copy of JUDG__49,5,judgement_Crl_P_L_A_147-K_2025,0.5852049589157104
Copy of JUDG__4998,1,Copy of JUDG__64,0.5119653940200806
Copy of JUDG__4998,2,Copy of JUDG__93,0.5019192099571228
Copy of JUDG__4998,3,Copy of JUDG__68,0.5000029802322388
Copy of JUDG__4998,4,Copy of JUDG__17,0.4948663115501404
Copy of JUDG__4998,5,Copy of JUDG__79,0.49428790807724
Copy of JUDG__5,1,Copy of JUDG__9,1.0
Copy of JUDG__5,2,Copy of JUDG__16,0.6827705502510071
Copy of JUDG__5,3,Copy of JUDG__6,0.673749566078186
Copy of JUDG__5,4,Copy of JUDG__105,0.6371145248413086
Copy of JUDG__5,5,Copy of JUDG__58,0.6352262496948242
Copy of JUDG__50,1,Copy of JUDG__30,0.7283031940460205
Copy of JUDG__50,2,Copy of JUDG__8,0.7023376226425171
Copy of JUDG__50,3,Copy of JUDG__15,0.6835992336273193
Copy of JUDG__50,4,Copy of JUDG__80,0.6820603609085083
Copy of JUDG__50,5,Copy of JUDG__73,0.672805905342102
Copy of JUDG__51,1,Copy of JUDG__27,0.7140937447547913
Copy of JUDG__51,2,Copy of JUDG__26,0.7103271484375
Copy of JUDG__51,3,Copy of JUDG__68,0.7011047601699829
Copy of JUDG__51,4,Copy of JUDG__66,0.6963449716567993
Copy of JUDG__51,5,Copy of JUDG__47,0.6690720319747925
Copy of JUDG__52,1,Copy of JUDG__66,0.6533335447311401
Copy of JUDG__52,2,Copy of JUDG__42,0.6316418647766113
Copy of JUDG__52,3,Copy of JUDG__72,0.630073606967926
Copy of JUDG__52,4,Copy of JUDG__13,0.5967820882797241
Copy of JUDG__52,5,Copy of JUDG__93,0.5959041118621826
Copy of JUDG__53,1,Copy of JUDG__11,0.6715991497039795
Copy of JUDG__53,2,Copy of JUDG__49,0.5934451222419739
Copy of JUDG__53,3,Copy of JUDG__42,0.5698193311691284
Copy of JUDG__53,4,Copy of JUDG__36,0.5659433007240295
Copy of JUDG__53,5,judgement_Crl_P_L_A_147-K_2025,0.5647472143173218
Copy of JUDG__54,1,Copy of JUDG__73,0.6300836205482483
Copy of JUDG__54,2,Copy of JUDG__8,0.6146985292434692
Copy of JUDG__54,3,Copy of JUDG__59,0.6089698672294617
Copy of JUDG__54,4,Copy of JUDG__85,0.6041243672370911
Copy of JUDG__54,5,Copy of JUDG__7,0.5951683521270752
Copy of JUDG__55,1,Copy of JUDG__63,0.9994450807571411
Copy of JUDG__55,2,Copy of JUDG__20,0.6710162162780762
Copy of JUDG__55,3,Copy of JUDG__85,0.6653597354888916
Copy of JUDG__55,4,judgement_C_P_L_A_2555_2022,0.6486518383026123
Copy of JUDG__55,5,Copy of JUDG__73,0.6185660362243652
Copy of JUDG__57,1,Copy of JUDG__96,1.0000001192092896
Copy of JUDG__57,2,Copy of JUDG__72,0.6799404621124268
Copy of JUDG__57,3,Copy of JUDG__83,0.6700447797775269
Copy of JUDG__57,4,Copy of JUDG__65,0.6534097790718079
Copy of JUDG__57,5,Copy of JUDG__13,0.6531513929367065
Copy of JUDG__58,1,Copy of JUDG__75,0.769355297088623
Copy of JUDG__58,2,Copy of JUDG__6,0.7241100668907166
Copy of JUDG__58,3,judgement_Crl_P_L_A_219-P_2023,0.7164351940155029
Copy of JUDG__58,4,Copy of JUDG__16,0.7119036316871643
Copy of JUDG__58,5,Copy of JUDG__83,0.705676794052124
Copy of JUDG__59,1,Copy of JUDG__8,0.7847404479980469
Copy of JUDG__59,2,Copy of JUDG__72,0.7182287573814392
Copy of JUDG__59,3,Copy of JUDG__73,0.7044478058815002
Copy of JUDG__59,4,Copy of JUDG__58,0.693905234336853
Copy of JUDG__59,5,Copy of JUDG__6,0.6749705672264099
Copy of JUDG__6,1,Copy of JUDG__58,0.7241100668907166
Copy of JUDG__6,2,Copy of JUDG__8,0.7118469476699829
Copy of JUDG__6,3,Copy of JUDG__66,0.7085244655609131
Copy of JUDG__6,4,Copy of JUDG__105,0.700003981590271
Copy of JUDG__6,5,Copy of JUDG__13,0.6983622312545776
Copy of JUDG__60,1,Copy of JUDG__9,0.5505077838897705
Copy of JUDG__60,2,Copy of JUDG__5,0.5505077838897705
Copy of JUDG__60,3,Copy of JUDG__79,0.5326563119888306
Copy of JUDG__60,4,judgement_Crl_A_343_2023,0.5067561864852905
Copy of JUDG__60,5,Copy of JUDG__83,0.5043403506278992
Copy of JUDG__61,1,Copy of JUDG__11,0.648921012878418
Copy of JUDG__61,2,Copy of JUDG__73,0.5937657356262207
Copy of JUDG__61,3,Copy of JUDG__59,0.5548259019851685
Copy of JUDG__61,4,judgement_Crl_P_L_A_147-K_2025,0.550298810005188
Copy of JUDG__61,5,judgement_Crl_P_L_A_1184_2025,0.5398223400115967
Copy of JUDG__62,1,judgement_C_A_1388_2017,0.4867110550403595
Copy of JUDG__62,2,Copy of JUDG__49,0.4826927185058594
Copy of JUDG__62,3,Copy of JUDG__58,0.47241413593292236
Copy of JUDG__62,4,Copy of JUDG__76,0.4612617492675781
Copy of JUDG__62,5,Copy of JUDG__36,0.45353075861930847
Copy of JUDG__63,1,Copy of JUDG__55,0.9994450807571411
Copy of JUDG__63,2,Copy of JUDG__20,0.6691807508468628
Copy of JUDG__63,3,Copy of JUDG__85,0.6677624583244324
Copy of JUDG__63,4,judgement_C_P_L_A_2555_2022,0.6516706943511963
Copy of JUDG__63,5,Copy of JUDG__73,0.6157416105270386
Copy of JUDG__64,1,Copy of JUDG__13,0.5634174346923828
Copy of JUDG__64,2,Copy of JUDG__6,0.5544630289077759
Copy of JUDG__64,3,Copy of JUDG__47,0.551234781742096
Copy of JUDG__64,4,Copy of JUDG__54,0.5489093065261841
Copy of JUDG__64,5,Copy of JUDG__98,0.5453797578811646
Copy of JUDG__65,1,Copy of JUDG__85,0.694968581199646
Copy of JUDG__65,2,Copy of JUDG__70,0.6858369708061218
Copy of JUDG__65,3,Copy of JUDG__8,0.6817018985748291
Copy of JUDG__65,4,Copy of JUDG__96,0.6534097790718079
Copy of JUDG__65,5,Copy of JUDG__57,0.6534097790718079
Copy of JUDG__66,1,Copy of JUDG__105,0.7534568905830383
Copy of JUDG__66,2,Copy of JUDG__68,0.7433375120162964
Copy of JUDG__66,3,Copy of JUDG__27,0.7412045001983643
Copy of JUDG__66,4,Copy of JUDG__17,0.7365819215774536
Copy of JUDG__66,5,Copy of JUDG__42,0.7282205820083618
Copy of JUDG__6657,1,Copy of JUDG__22,0.5636533498764038
Copy of JUDG__6657,2,Copy of JUDG__66,0.5599039793014526
Copy of JUDG__6657,3,Copy of JUDG__97,0.5532495379447937
Copy of JUDG__6657,4,Copy of JUDG__68,0.5527948141098022
Copy of JUDG__6657,5,Copy of JUDG__43,0.5523120164871216
Copy of JUDG__67,1,Copy of JUDG__58,0.7039387822151184
Copy of JUDG__67,2,Copy of JUDG__6,0.6931025981903076
Copy of JUDG__67,3,Copy of JUDG__72,0.6582916975021362
Copy of JUDG__67,4,Copy of JUDG__59,0.6424856185913086
Copy of JUDG__67,5,Copy of JUDG__83,0.6415576338768005
Copy of JUDG__68,1,Copy of JUDG__27,0.7686405181884766
Copy of JUDG__68,2,Copy of JUDG__66,0.7433375716209412
Copy of JUDG__68,3,Copy of JUDG__17,0.7098662853240967
Copy of JUDG__68,4,Copy of JUDG__79,0.7070817947387695
Copy of JUDG__68,5,Copy of JUDG__51,0.7011048793792725
Copy of JUDG__69,1,judgement_Crl_P_L_A_585_2025,0.6269506216049194
Copy of JUDG__69,2,Copy of JUDG__20,0.6123942136764526
Copy of JUDG__69,3,Copy of JUDG__41,0.5989327430725098
Copy of JUDG__69,4,Copy of JUDG__18,0.5809027552604675
Copy of JUDG__69,5,Copy of JUDG__63,0.5722096562385559
Copy of JUDG__7,1,Copy of JUDG__8,0.7272329330444336
Copy of JUDG__7,2,Copy of JUDG__58,0.6726824045181274
Copy of JUDG__7,3,Copy of JUDG__85,0.6551030874252319
Copy of JUDG__7,4,Copy of JUDG__6,0.6543163061141968
Copy of JUDG__7,5,Copy of JUDG__18,0.6361292600631714
Copy of JUDG__70,1,Copy of JUDG__65,0.6858369708061218
Copy of JUDG__70,2,Copy of JUDG__8,0.6544020175933838
Copy of JUDG__70,3,Copy of JUDG__57,0.6497161388397217
Copy of JUDG__70,4,Copy of JUDG__96,0.6497161388397217
Copy of JUDG__70,5,Copy of JUDG__59,0.5936850309371948
Copy of JUDG__71,1,Copy of JUDG__80,0.6514372229576111
Copy of JUDG__71,2,Copy of JUDG__59,0.6221975684165955
Copy of JUDG__71,3,Copy of JUDG__75,0.6015287041664124
Copy of JUDG__71,4,Copy of JUDG__58,0.5965476632118225
Copy of JUDG__71,5,Copy of JUDG__78,0.5933579802513123
Copy of JUDG__72,1,Copy of JUDG__59,0.7182287573814392
Copy of JUDG__72,2,Copy of JUDG__92,0.699378252029419
Copy of JUDG__72,3,Copy of JUDG__42,0.6929302215576172
Copy of JUDG__72,4,Copy of JUDG__8,0.6909055709838867
Copy of JUDG__72,5,Copy of JUDG__15,0.6828334927558899
Copy of JUDG__7222,1,Copy of JUDG__58,0.5954376459121704
Copy of JUDG__7222,2,Copy of JUDG__75,0.5628458857536316
Copy of JUDG__7222,3,Copy of JUDG__68,0.5460644960403442
Copy of JUDG__7222,4,Copy of JUDG__67,0.5338728427886963
Copy of JUDG__7222,5,Copy of JUDG__79,0.530797004699707
Copy of JUDG__73,1,Copy of JUDG__8,0.7291918992996216
Copy of JUDG__73,2,Copy of JUDG__15,0.7093459367752075
Copy of JUDG__73,3,Copy of JUDG__59,0.7044478058815002
Copy of JUDG__73,4,Copy of JUDG__85,0.6794313192367554
Copy of JUDG__73,5,Copy of JUDG__50,0.672805905342102
Copy of JUDG__74,1,Copy of JUDG__76,0.5252809524536133
Copy of JUDG__74,2,Copy of JUDG__36,0.514108419418335
Copy of JUDG__74,3,Copy of JUDG__42,0.483046293258667
Copy of JUDG__74,4,judgement_J_P_541_2021,0.4544334411621094
Copy of JUDG__74,5,judgement_Crl_P_L_A_1144_2025,0.44845932722091675
Copy of JUDG__7486,1,Copy of JUDG__93,0.5900420546531677
Copy of JUDG__7486,2,Copy of JUDG__83,0.5553292632102966
Copy of JUDG__7486,3,Copy of JUDG__13,0.5323448181152344
Copy of JUDG__7486,4,Copy of JUDG__90,0.5197553038597107
Copy of JUDG__7486,5,Copy of JUDG__67,0.5184488892555237
Copy of JUDG__7489,1,Copy of JUDG__33,0.4604940116405487
Copy of JUDG__7489,2,Copy of JUDG__7222,0.4583238661289215
Copy of JUDG__7489,3,Copy of JUDG__59,0.45760399103164673
Copy of JUDG__7489,4,Copy of JUDG__67,0.4544409513473511
Copy of JUDG__7489,5,Copy of JUDG__32,0.45212534070014954
Copy of JUDG__75,1,Copy of JUDG__58,0.769355297088623
Copy of JUDG__75,2,Copy of JUDG__83,0.6812084913253784
Copy of JUDG__75,3,Copy of JUDG__79,0.6589208841323853
Copy of JUDG__75,4,Copy of JUDG__12,0.6453375220298767
Copy of JUDG__75,5,Copy of JUDG__16,0.6418630480766296
Copy of JUDG__76,1,Copy of JUDG__49,0.6491314172744751
Copy of JUDG__76,2,Copy of JUDG__42,0.6447677612304688
Copy of JUDG__76,3,Copy of JUDG__36,0.619832456111908
Copy of JUDG__76,4,Copy of JUDG__72,0.6163630485534668
Copy of JUDG__76,5,Copy of JUDG__11,0.603458046913147
Copy of JUDG__77,1,Copy of JUDG__69,0.5549112558364868
Copy of JUDG__77,2,Copy of JUDG__70,0.4661655128002167
Copy of JUDG__77,3,Copy of JUDG__59,0.46132543683052063
Copy of JUDG__77,4,judgement_C_P_L_A_2313_2024,0.45575791597366333
Copy of JUDG__77,5,judgement_Crl_A_351_2023,0.4413333237171173
Copy of JUDG__7771,1,judgement_C_P_L_A_385-L_2021,0.5636871457099915
Copy of JUDG__7771,2,Copy of JUDG__52,0.510387659072876
Copy of JUDG__7771,3,Copy of JUDG__13,0.4685143828392029
Copy of JUDG__7771,4,Copy of JUDG__42,0.46582135558128357
Copy of JUDG__7771,5,Copy of JUDG__6,0.4556849002838135
Copy of JUDG__78,1,judgement_J_P_614_2021,0.6107515096664429
Copy of JUDG__78,2,Copy of JUDG__59,0.5935497283935547
Copy of JUDG__78,3,Copy of JUDG__71,0.5933579802513123
Copy of JUDG__78,4,Copy of JUDG__18,0.5667296648025513
Copy of JUDG__78,5,Copy of JUDG__25,0.5649823546409607
Copy of JUDG__79,1,Copy of JUDG__12,0.7274570465087891
Copy of JUDG__79,2,Copy of JUDG__68,0.7070819139480591
Copy of JUDG__79,3,judgement_J_P_276_2019,0.7038345336914062
Copy of JUDG__79,4,Copy of JUDG__75,0.6589208841323853
Copy of JUDG__79,5,judgement_Crl_P_L_A_147-K_2025,0.647158682346344
Copy of JUDG__8,1,Copy of JUDG__59,0.7847404479980469
Copy of JUDG__8,2,Copy of JUDG__73,0.7291918992996216
Copy of JUDG__8,3,Copy of JUDG__7,0.7272329330444336
Copy of JUDG__8,4,Copy of JUDG__6,0.7118469476699829
Copy of JUDG__8,5,Copy of JUDG__3,0.7062063217163086
Copy of JUDG__80,1,Copy of JUDG__50,0.6820603609085083
Copy of JUDG__80,2,Copy of JUDG__71,0.6514372229576111
Copy of JUDG__80,3,Copy of JUDG__59,0.6122020483016968
Copy of JUDG__80,4,Copy of JUDG__8,0.6085768938064575
Copy of JUDG__80,5,Copy of JUDG__58,0.5939232110977173
Copy of JUDG__8036,1,judgement_C_P_L_A_5516_2024,0.404121994972229
Copy of JUDG__8036,2,judgement_C_P_L_A_5929_2024,0.3959050178527832
Copy of JUDG__8036,3,judgement_Crl_P_L_A_960_2025,0.39201468229293823
Copy of JUDG__8036,4,Copy of JUDG__11,0.3875535726547241
Copy of JUDG__8036,5,judgement_C_P_L_A_3824_2023,0.38169997930526733
Copy of JUDG__81,1,judgement_C_P_L_A_2788_2022,0.5231930017471313
Copy of JUDG__81,2,Copy of JUDG__11,0.49405810236930847
Copy of JUDG__81,3,Copy of JUDG__61,0.4811122417449951
Copy of JUDG__81,4,Copy of JUDG__76,0.47785502672195435
Copy of JUDG__81,5,judgement_J_P_286_2020,0.47261977195739746
Copy of JUDG__82,1,judgement_C_P_L_A_1107-L_2015,0.6469513773918152
Copy of JUDG__82,2,Copy of JUDG__103,0.5481042265892029
Copy of JUDG__82,3,Copy of JUDG__3,0.5447763800621033
Copy of JUDG__82,4,Copy of JUDG__24,0.5153672695159912
Copy of JUDG__82,5,Copy of JUDG__34,0.4518003463745117
Copy of JUDG__83,1,Copy of JUDG__58,0.705676794052124
Copy of JUDG__83,2,Copy of JUDG__93,0.7053336501121521
Copy of JUDG__83,3,judgement_Crl_P_L_A_219-P_2023,0.6862500905990601
Copy of JUDG__83,4,Copy of JUDG__13,0.6851505637168884
Copy of JUDG__83,5,Copy of JUDG__75,0.6812084913253784
Copy of JUDG__84,1,Copy of JUDG__39,1.0000001192092896
Copy of JUDG__84,2,Copy of JUDG__33,0.5792186260223389
Copy of JUDG__84,3,Copy of JUDG__8,0.5331553220748901
Copy of JUDG__84,4,judgement_Crl_P_L_A_147-K_2025,0.5272645950317383
Copy of JUDG__84,5,Copy of JUDG__65,0.5259416103363037
Copy of JUDG__85,1,judgement_J_P_541_2021,0.706821084022522
Copy of JUDG__85,2,Copy of JUDG__8,0.699116587638855
Copy of JUDG__85,3,Copy of JUDG__18,0.696742832660675
Copy of JUDG__85,4,Copy of JUDG__65,0.694968581199646
Copy of JUDG__85,5,Copy of JUDG__73,0.6794313192367554
Copy of JUDG__86,1,Copy of JUDG__93,0.5606205463409424
Copy of JUDG__86,2,Copy of JUDG__22,0.5390680432319641
Copy of JUDG__86,3,judgement_J_P_614_2021,0.53200763463974
Copy of JUDG__86,4,judgement_J_P_554_2023,0.5314491987228394
Copy of JUDG__86,5,Copy of JUDG__13,0.5279544591903687
Copy of JUDG__87,1,judgement_Crl_P_L_A_147-K_2025,0.5443711280822754
Copy of JUDG__87,2,Copy of JUDG__11,0.5068651437759399
Copy of JUDG__87,3,Copy of JUDG__42,0.4856974184513092
Copy of JUDG__87,4,Copy of JUDG__75,0.4746066927909851
Copy of JUDG__87,5,Copy of JUDG__26,0.47308585047721863
Copy of JUDG__88,1,Copy of JUDG__66,0.667479395866394
Copy of JUDG__88,2,Copy of JUDG__27,0.6358627676963806
Copy of JUDG__88,3,Copy of JUDG__93,0.6246877908706665
Copy of JUDG__88,4,Copy of JUDG__105,0.6123952865600586
Copy of JUDG__88,5,Copy of JUDG__51,0.606011152267456
Copy of JUDG__89,1,Copy of JUDG__96,0.5956202745437622
Copy of JUDG__89,2,Copy of JUDG__57,0.5956202745437622
Copy of JUDG__89,3,Copy of JUDG__83,0.58613520860672
Copy of JUDG__89,4,Copy of JUDG__97,0.5652546882629395
Copy of JUDG__89,5,Copy of JUDG__13,0.5616388320922852
Copy of JUDG__9,1,Copy of JUDG__5,1.0
Copy of JUDG__9,2,Copy of JUDG__16,0.6827705502510071
Copy of JUDG__9,3,Copy of JUDG__6,0.673749566078186
Copy of JUDG__9,4,Copy of JUDG__105,0.6371145248413086
Copy of JUDG__9,5,Copy of JUDG__58,0.6352262496948242
Copy of JUDG__90,1,Copy of JUDG__79,0.5742839574813843
Copy of JUDG__90,2,Copy of JUDG__5,0.5529902577400208
Copy of JUDG__90,3,Copy of JUDG__9,0.5529902577400208
Copy of JUDG__90,4,judgement_J_P_554_2023,0.5394032001495361
Copy of JUDG__90,5,Copy of JUDG__7486,0.5197553038597107
Copy of JUDG__91,1,Copy of JUDG__99,0.7153743505477905
Copy of JUDG__91,2,judgement_Crl_P_L_A_1144_2025,0.6960334777832031
Copy of JUDG__91,3,judgement_Crl_P_L_A_960_2025,0.6768131256103516
Copy of JUDG__91,4,Copy of JUDG__79,0.6464725732803345
Copy of JUDG__91,5,judgement_C_P_L_A_706_2021,0.6451102495193481
Copy of JUDG__92,1,judgement_Crl_P_L_A_1408_2025,0.7232397794723511
Copy of JUDG__92,2,Copy of JUDG__72,0.699378252029419
Copy of JUDG__92,3,Copy of JUDG__13,0.6682551503181458
Copy of JUDG__92,4,Copy of JUDG__83,0.6510055065155029
Copy of JUDG__92,5,Copy of JUDG__91,0.6418948173522949
Copy of JUDG__93,1,Copy of JUDG__17,0.7111901640892029
Copy of JUDG__93,2,Copy of JUDG__83,0.7053336501121521
Copy of JUDG__93,3,Copy of JUDG__13,0.689717173576355
Copy of JUDG__93,4,Copy of JUDG__99,0.6813699007034302
Copy of JUDG__93,5,Copy of JUDG__66,0.6809055805206299
Copy of JUDG__9366,1,Copy of JUDG__10,0.5923792719841003
Copy of JUDG__9366,2,Copy of JUDG__6657,0.5279916524887085
Copy of JUDG__9366,3,Copy of JUDG__99,0.524530827999115
Copy of JUDG__9366,4,Copy of JUDG__83,0.521755039691925
Copy of JUDG__9366,5,Copy of JUDG__13,0.5151092410087585
Copy of JUDG__94,1,Copy of JUDG__22,0.5319392681121826
Copy of JUDG__94,2,Copy of JUDG__99,0.518675684928894
Copy of JUDG__94,3,Copy of JUDG__93,0.5098506808280945
Copy of JUDG__94,4,Copy of JUDG__17,0.5082557201385498
Copy of JUDG__94,5,Copy of JUDG__71,0.5046142339706421
Copy of JUDG__95,1,Copy of JUDG__6657,0.4439763128757477
Copy of JUDG__95,2,Copy of JUDG__43,0.414231538772583
Copy of JUDG__95,3,Copy of JUDG__97,0.40751707553863525
Copy of JUDG__95,4,Copy of JUDG__99,0.3838047385215759
Copy of JUDG__95,5,Copy of JUDG__89,0.36325037479400635
Copy of JUDG__9542,1,Copy of JUDG__68,0.5826268792152405
Copy of JUDG__9542,2,Copy of JUDG__12,0.5740543603897095
Copy of JUDG__9542,3,Copy of JUDG__27,0.5479791164398193
Copy of JUDG__9542,4,Copy of JUDG__75,0.5429002046585083
Copy of JUDG__9542,5,Copy of JUDG__16,0.5213867425918579
Copy of JUDG__9545,1,judgement_Crl_P_L_A_585_2025,0.5812807679176331
Copy of JUDG__9545,2,Copy of JUDG__99,0.5759493112564087
Copy of JUDG__9545,3,Copy of JUDG__68,0.5736767053604126
Copy of JUDG__9545,4,Copy of JUDG__69,0.5677148699760437
Copy of JUDG__9545,5,Copy of JUDG__105,0.5657835602760315
Copy of JUDG__96,1,Copy of JUDG__57,1.0000001192092896
Copy of JUDG__96,2,Copy of JUDG__72,0.6799404621124268
Copy of JUDG__96,3,Copy of JUDG__83,0.6700447797775269
Copy of JUDG__96,4,Copy of JUDG__65,0.6534097790718079
Copy of JUDG__96,5,Copy of JUDG__13,0.6531513929367065
Copy of JUDG__9697,1,Copy of JUDG__49,0.5634312629699707
Copy of JUDG__9697,2,Copy of JUDG__76,0.5000343322753906
Copy of JUDG__9697,3,Copy of JUDG__36,0.4886484146118164
Copy of JUDG__9697,4,judgement_Crl_P_L_A_147-K_2025,0.47866493463516235
Copy of JUDG__9697,5,Copy of JUDG__11,0.4317616820335388
Copy of JUDG__9698,1,Copy of JUDG__104,0.42375484108924866
Copy of JUDG__9698,2,Copy of JUDG__36,0.3994084894657135
Copy of JUDG__9698,3,Copy of JUDG__89,0.39240580797195435
Copy of JUDG__9698,4,Copy of JUDG__21,0.39173921942710876
Copy of JUDG__9698,5,Copy of JUDG__97,0.38836386799812317
Copy of JUDG__97,1,Copy of JUDG__89,0.5652546882629395
Copy of JUDG__97,2,Copy of JUDG__43,0.5639673471450806
Copy of JUDG__97,3,Copy of JUDG__6657,0.5532495975494385
Copy of JUDG__97,4,Copy of JUDG__57,0.5475412607192993
Copy of JUDG__97,5,Copy of JUDG__96,0.5475412607192993
Copy of JUDG__9700,1,Copy of JUDG__75,0.5405696630477905
Copy of JUDG__9700,2,Copy of JUDG__18,0.5125154852867126
Copy of JUDG__9700,3,Copy of JUDG__71,0.5072612762451172
Copy of JUDG__9700,4,Copy of JUDG__17,0.5029786825180054
Copy of JUDG__9700,5,Copy of JUDG__44,0.49469485878944397
Copy of JUDG__98,1,Copy of JUDG__59,0.6734949946403503
Copy of JUDG__98,2,Copy of JUDG__6,0.6613798141479492
Copy of JUDG__98,3,Copy of JUDG__72,0.6450396180152893
Copy of JUDG__98,4,Copy of JUDG__8,0.6429818868637085
Copy of JUDG__98,5,Copy of JUDG__85,0.6383046507835388
Copy of JUDG__99,1,Copy of JUDG__91,0.7153743505477905
Copy of JUDG__99,2,Copy of JUDG__93,0.6813699007034302
Copy of JUDG__99,3,Copy of JUDG__10,0.645780086517334
Copy of JUDG__99,4,Copy of JUDG__59,0.6388678550720215
Copy of JUDG__99,5,Copy of JUDG__83,0.6356625556945801
judgement_C_A_101-K_2022,1,Copy of JUDG__26,0.6749832034111023
judgement_C_A_101-K_2022,2,judgement_C_P_L_A_933-K_2023,0.6321774125099182
judgement_C_A_101-K_2022,3,Copy of JUDG__41,0.5726647973060608
judgement_C_A_101-K_2022,4,Copy of JUDG__4,0.5595954656600952
judgement_C_A_101-K_2022,5,judgement_C_P_L_A_1032-K_2025,0.5521723628044128
judgement_C_A_1388_2017,1,judgement_Crl_P_L_A_1184_2025,0.695774495601654
judgement_C_A_1388_2017,2,judgement_J_P_559_2017,0.6614483594894409
judgement_C_A_1388_2017,3,judgement_C_P_L_A_4-K_2025,0.6428349018096924
judgement_C_A_1388_2017,4,Copy of JUDG__18,0.621373176574707
judgement_C_A_1388_2017,5,Copy of JUDG__58,0.6102586388587952
judgement_C_A_209_2025,1,judgement_Crl_P_L_A_1184_2025,0.5857539176940918
judgement_C_A_209_2025,2,Copy of JUDG__16,0.5811688899993896
judgement_C_A_209_2025,3,Copy of JUDG__9,0.5720885396003723
judgement_C_A_209_2025,4,Copy of JUDG__5,0.5720885396003723
judgement_C_A_209_2025,5,Copy of JUDG__72,0.5684177875518799
judgement_C_P_L_A_1002_2025,1,judgement_C_P_L_A_933-K_2023,0.6278099417686462
judgement_C_P_L_A_1002_2025,2,Copy of JUDG__91,0.6084283590316772
judgement_C_P_L_A_1002_2025,3,judgement_J_P_375_2023,0.6035332083702087
judgement_C_P_L_A_1002_2025,4,judgement_Crl_P_L_A_960_2025,0.6030594110488892
judgement_C_P_L_A_1002_2025,5,judgement_C_P_L_A_74_2025,0.6027682423591614
judgement_C_P_L_A_1032-K_2025,1,Copy of JUDG__4,0.6200936436653137
judgement_C_P_L_A_1032-K_2025,2,Copy of JUDG__41,0.6138316988945007
judgement_C_P_L_A_1032-K_2025,3,judgement_J_P_541_2021,0.6034457087516785
judgement_C_P_L_A_1032-K_2025,4,Copy of JUDG__11,0.5941749811172485
judgement_C_P_L_A_1032-K_2025,5,Copy of JUDG__26,0.593713641166687
judgement_C_P_L_A_1107-L_2015,1,Copy of JUDG__82,0.6469513773918152
judgement_C_P_L_A_1107-L_2015,2,Copy of JUDG__103,0.47500014305114746
judgement_C_P_L_A_1107-L_2015,3,Copy of JUDG__24,0.4692208468914032
judgement_C_P_L_A_1107-L_2015,4,Copy of JUDG__34,0.4625663757324219
judgement_C_P_L_A_1107-L_2015,5,Copy of JUDG__87,0.4362463653087616
judgement_C_P_L_A_110_2023,1,judgement_Crl_P_L_A_147-K_2025,0.6423274278640747
judgement_C_P_L_A_110_2023,2,Copy of JUDG__59,0.6258749961853027
judgement_C_P_L_A_110_2023,3,judgement_J_P_611_2022,0.616582989692688
judgement_C_P_L_A_110_2023,4,judgement_Crl_P_L_A_960_2025,0.6157784461975098
judgement_C_P_L_A_110_2023,5,judgement_C_P_L_A_5516_2024,0.5929734706878662
judgement_C_P_L_A_147-K_2023,1,judgement_C_P_L_A_407-K_2021,0.5849751234054565
judgement_C_P_L_A_147-K_2023,2,judgement_C_P_L_A_385-L_2021,0.5343611240386963
judgement_C_P_L_A_147-K_2023,3,judgement_C_P_L_A_933-K_2023,0.5220752954483032
judgement_C_P_L_A_147-K_2023,4,judgement_Crl_P_L_A_147-K_2025,0.5020108819007874
judgement_C_P_L_A_147-K_2023,5,judgement_Crl_P_L_A_219-P_2023,0.4666268825531006
judgement_C_P_L_A_2313_2024,1,judgement_C_P_L_A_74_2025,0.694365918636322
judgement_C_P_L_A_2313_2024,2,Copy of JUDG__42,0.6147752404212952
judgement_C_P_L_A_2313_2024,3,judgement_Crl_P_L_A_1033_2025,0.6010391712188721
judgement_C_P_L_A_2313_2024,4,judgement_C_P_L_A_5516_2024,0.5944036841392517
judgement_C_P_L_A_2313_2024,5,judgement_Crl_P_L_A_1184_2025,0.588283896446228
judgement_C_P_L_A_2555_2022,1,Copy of JUDG__63,0.6516708135604858
judgement_C_P_L_A_2555_2022,2,Copy of JUDG__55,0.6486518383026123
judgement_C_P_L_A_2555_2022,3,Copy of JUDG__31,0.5710206627845764
judgement_C_P_L_A_2555_2022,4,Copy of JUDG__3,0.5586156845092773
judgement_C_P_L_A_2555_2022,5,Copy of JUDG__20,0.54548579454422
judgement_C_P_L_A_2788_2022,1,judgement_Crl_P_L_A_147-K_2025,0.595317542552948
judgement_C_P_L_A_2788_2022,2,Copy of JUDG__76,0.5821046233177185
judgement_C_P_L_A_2788_2022,3,judgement_Crl_P_L_A_1144_2025,0.568598747253418
judgement_C_P_L_A_2788_2022,4,Copy of JUDG__36,0.5582236051559448
judgement_C_P_L_A_2788_2022,5,Copy of JUDG__11,0.5545213222503662
judgement_C_P_L_A_3-K_2023,1,judgement_C_P_L_A_1032-K_2025,0.482871949672699
judgement_C_P_L_A_3-K_2023,2,judgement_C_A_101-K_2022,0.4802277386188507
judgement_C_P_L_A_3-K_2023,3,Copy of JUDG__41,0.45694467425346375
judgement_C_P_L_A_3-K_2023,4,judgement_C_P_L_A_339-L_2023,0.4524102210998535
judgement_C_P_L_A_3-K_2023,5,judgement_J_P_541_2021,0.4511088728904724
judgement_C_P_L_A_339-L_2023,1,judgement_C_P_L_A_5929_2024,0.6375620365142822
judgement_C_P_L_A_339-L_2023,2,judgement_C_P_L_A_78-K_2024,0.584071695804596
judgement_C_P_L_A_339-L_2023,3,judgement_Crl_P_L_A_219-P_2023,0.5691941976547241
judgement_C_P_L_A_339-L_2023,4,judgement_Crl_P_L_A_1144_2025,0.5246202349662781
judgement_C_P_L_A_339-L_2023,5,Copy of JUDG__42,0.5187376141548157
judgement_C_P_L_A_3824_2023,1,judgement_J_P_286_2020,0.6096194982528687
judgement_C_P_L_A_3824_2023,2,judgement_Crl_P_L_A_147-K_2025,0.5955252647399902
judgement_C_P_L_A_3824_2023,3,judgement_C_P_L_A_110_2023,0.5758677124977112
judgement_C_P_L_A_3824_2023,4,judgement_C_P_L_A_5516_2024,0.5756868124008179
judgement_C_P_L_A_3824_2023,5,judgement_Crl_P_L_A_960_2025,0.5746371150016785
judgement_C_P_L_A_385-L_2021,1,Copy of JUDG__42,0.5735841989517212
judgement_C_P_L_A_385-L_2021,2,Copy of JUDG__7771,0.5636870861053467
judgement_C_P_L_A_385-L_2021,3,judgement_Crl_P_L_A_960_2025,0.5357292890548706
judgement_C_P_L_A_385-L_2021,4,judgement_C_P_L_A_147-K_2023,0.5343611240386963
judgement_C_P_L_A_385-L_2021,5,Copy of JUDG__52,0.5325893759727478
judgement_C_P_L_A_4-K_2025,1,judgement_Crl_P_L_A_1184_2025,0.6747803092002869
judgement_C_P_L_A_4-K_2025,2,Copy of JUDG__18,0.6723490953445435
judgement_C_P_L_A_4-K_2025,3,judgement_C_P_L_A_74_2025,0.6528419256210327
judgement_C_P_L_A_4-K_2025,4,Copy of JUDG__91,0.6439281702041626
judgement_C_P_L_A_4-K_2025,5,judgement_C_A_1388_2017,0.6428349018096924
judgement_C_P_L_A_407-K_2021,1,judgement_C_P_L_A_147-K_2023,0.5849751234054565
judgement_C_P_L_A_407-K_2021,2,Copy of JUDG__11,0.5422101020812988
judgement_C_P_L_A_407-K_2021,3,judgement_C_P_L_A_74_2025,0.5355873107910156
judgement_C_P_L_A_407-K_2021,4,judgement_C_P_L_A_933-K_2023,0.5331287980079651
judgement_C_P_L_A_407-K_2021,5,judgement_J_P_541_2021,0.527986466884613
judgement_C_P_L_A_5516_2024,1,judgement_Crl_P_L_A_960_2025,0.6485006809234619
judgement_C_P_L_A_5516_2024,2,judgement_C_P_L_A_74_2025,0.6480439901351929
judgement_C_P_L_A_5516_2024,3,Copy of JUDG__42,0.6446964144706726
judgement_C_P_L_A_5516_2024,4,judgement_C_P_L_A_933-K_2023,0.625842809677124
judgement_C_P_L_A_5516_2024,5,judgement_J_P_541_2021,0.6241015195846558
judgement_C_P_L_A_5929_2024,1,judgement_C_P_L_A_339-L_2023,0.6375620365142822
judgement_C_P_L_A_5929_2024,2,judgement_J_P_541_2021,0.6220415830612183
judgement_C_P_L_A_5929_2024,3,Copy of JUDG__42,0.5732014179229736
judgement_C_P_L_A_5929_2024,4,judgement_C_P_L_A_78-K_2024,0.5553314685821533
judgement_C_P_L_A_5929_2024,5,Copy of JUDG__36,0.5549427270889282
judgement_C_P_L_A_706_2021,1,Copy of JUDG__91,0.6451102495193481
judgement_C_P_L_A_706_2021,2,judgement_Crl_P_L_A_147-K_2025,0.6071039438247681
judgement_C_P_L_A_706_2021,3,judgement_C_P_L_A_74_2025,0.5943760871887207
judgement_C_P_L_A_706_2021,4,judgement_C_P_L_A_5516_2024,0.5934594869613647
judgement_C_P_L_A_706_2021,5,judgement_Crl_P_L_A_960_2025,0.5908712148666382
judgement_C_P_L_A_74_2025,1,judgement_Crl_P_L_A_960_2025,0.6999212503433228
judgement_C_P_L_A_74_2025,2,judgement_C_P_L_A_2313_2024,0.694365918636322
judgement_C_P_L_A_74_2025,3,judgement_C_P_L_A_4-K_2025,0.6528419256210327
judgement_C_P_L_A_74_2025,4,judgement_C_P_L_A_5516_2024,0.6480439901351929
judgement_C_P_L_A_74_2025,5,judgement_Crl_P_L_A_219-P_2023,0.6378510594367981
judgement_C_P_L_A_78-K_2024,1,judgement_C_P_L_A_339-L_2023,0.584071695804596
judgement_C_P_L_A_78-K_2024,2,judgement_C_P_L_A_5929_2024,0.5553314685821533
judgement_C_P_L_A_78-K_2024,3,judgement_C_P_L_A_3824_2023,0.5223548412322998
judgement_C_P_L_A_78-K_2024,4,judgement_Crl_P_L_A_960_2025,0.4373587667942047
judgement_C_P_L_A_78-K_2024,5,judgement_C_P_L_A_110_2023,0.4368385970592499
judgement_C_P_L_A_88-P_2022,1,Copy of JUDG__27,0.5154745578765869
judgement_C_P_L_A_88-P_2022,2,judgement_Crl_P_L_A_147-K_2025,0.5051364302635193
judgement_C_P_L_A_88-P_2022,3,judgement_J_P_541_2021,0.5047712922096252
judgement_C_P_L_A_88-P_2022,4,Copy of JUDG__20,0.5046039819717407
judgement_C_P_L_A_88-P_2022,5,Copy of JUDG__68,0.49846839904785156
judgement_C_P_L_A_933-K_2023,1,Copy of JUDG__4,0.6805403828620911
judgement_C_P_L_A_933-K_2023,2,Copy of JUDG__26,0.6781080365180969
judgement_C_P_L_A_933-K_2023,3,judgement_Crl_P_L_A_219-P_2023,0.6595022678375244
judgement_C_P_L_A_933-K_2023,4,Copy of JUDG__42,0.6539267301559448
judgement_C_P_L_A_933-K_2023,5,judgement_Crl_P_L_A_147-K_2025,0.6496859788894653
judgement_Crl_A_343_2023,1,judgement_Crl_P_L_A_433_2025,0.6295260787010193
judgement_Crl_A_343_2023,2,judgement_J_P_276_2019,0.6047279834747314
judgement_Crl_A_343_2023,3,judgement_J_P_541_2021,0.5986795425415039
judgement_Crl_A_343_2023,4,judgement_Crl_P_L_A_960_2025,0.5970869660377502
judgement_Crl_A_343_2023,5,judgement_J_P_559_2017,0.5797641277313232
judgement_Crl_A_351_2023,1,Copy of JUDG__66,0.6431694030761719
judgement_Crl_A_351_2023,2,judgement_Crl_P_L_A_1033_2025,0.61085045337677
judgement_Crl_A_351_2023,3,Copy of JUDG__93,0.6035641431808472
judgement_Crl_A_351_2023,4,Copy of JUDG__51,0.5723719596862793
judgement_Crl_A_351_2023,5,Copy of JUDG__68,0.5691559314727783
judgement_Crl_P_L_A_1033_2025,1,judgement_J_P_614_2021,0.6257571578025818
judgement_Crl_P_L_A_1033_2025,2,Copy of JUDG__66,0.611508846282959
judgement_Crl_P_L_A_1033_2025,3,judgement_Crl_A_351_2023,0.61085045337677
judgement_Crl_P_L_A_1033_2025,4,Copy of JUDG__79,0.6062537431716919
judgement_Crl_P_L_A_1033_2025,5,Copy of JUDG__4,0.6041290760040283
judgement_Crl_P_L_A_1055_2025,1,Copy of JUDG__4,0.5592471361160278
judgement_Crl_P_L_A_1055_2025,2,judgement_Crl_P_L_A_1033_2025,0.5581914186477661
judgement_Crl_P_L_A_1055_2025,3,judgement_J_P_554_2023,0.5554458498954773
judgement_Crl_P_L_A_1055_2025,4,judgement_C_P_L_A_1032-K_2025,0.5540351867675781
judgement_Crl_P_L_A_1055_2025,5,judgement_J_P_375_2023,0.5377779006958008
judgement_Crl_P_L_A_1121_2021,1,Copy of JUDG__91,0.5169321894645691
judgement_Crl_P_L_A_1121_2021,2,Copy of JUDG__21,0.5011624693870544
judgement_Crl_P_L_A_1121_2021,3,Copy of JUDG__71,0.44604742527008057
judgement_Crl_P_L_A_1121_2021,4,judgement_Crl_P_L_A_1144_2025,0.4276354908943176
judgement_Crl_P_L_A_1121_2021,5,Copy of JUDG__99,0.42631804943084717
judgement_Crl_P_L_A_1144_2025,1,judgement_J_P_541_2021,0.7433145046234131
judgement_Crl_P_L_A_1144_2025,2,judgement_Crl_P_L_A_219-P_2023,0.7077970504760742
judgement_Crl_P_L_A_1144_2025,3,judgement_J_P_286_2020,0.7043061852455139
judgement_Crl_P_L_A_1144_2025,4,Copy of JUDG__91,0.6960334777832031
judgement_Crl_P_L_A_1144_2025,5,judgement_Crl_P_L_A_960_2025,0.6704527139663696
judgement_Crl_P_L_A_1184_2025,1,judgement_C_A_1388_2017,0.695774495601654
judgement_Crl_P_L_A_1184_2025,2,Copy of JUDG__6,0.6850003004074097
judgement_Crl_P_L_A_1184_2025,3,Copy of JUDG__8,0.6800438761711121
judgement_Crl_P_L_A_1184_2025,4,Copy of JUDG__105,0.6799427270889282
judgement_Crl_P_L_A_1184_2025,5,Copy of JUDG__18,0.677314043045044
judgement_Crl_P_L_A_1408_2025,1,judgement_Crl_P_L_A_868_2025,0.7818449139595032
judgement_Crl_P_L_A_1408_2025,2,Copy of JUDG__92,0.7232397794723511
judgement_Crl_P_L_A_1408_2025,3,judgement_Crl_P_L_A_745_2025,0.5941596031188965
judgement_Crl_P_L_A_1408_2025,4,Copy of JUDG__65,0.573434054851532
judgement_Crl_P_L_A_1408_2025,5,judgement_Crl_P_L_A_960_2025,0.5722280740737915
judgement_Crl_P_L_A_147-K_2025,1,Copy of JUDG__11,0.7164452075958252
judgement_Crl_P_L_A_147-K_2025,2,Copy of JUDG__4,0.6983773112297058
judgement_Crl_P_L_A_147-K_2025,3,judgement_Crl_P_L_A_960_2025,0.6709104180335999
judgement_Crl_P_L_A_147-K_2025,4,judgement_Crl_P_L_A_1184_2025,0.6659465432167053
judgement_Crl_P_L_A_147-K_2025,5,Copy of JUDG__26,0.650407075881958
judgement_Crl_P_L_A_219-P_2023,1,Copy of JUDG__58,0.7164351940155029
judgement_Crl_P_L_A_219-P_2023,2,judgement_Crl_P_L_A_1144_2025,0.7077970504760742
judgement_Crl_P_L_A_219-P_2023,3,Copy of JUDG__83,0.6862500905990601
judgement_Crl_P_L_A_219-P_2023,4,Copy of JUDG__42,0.6667054295539856
judgement_Crl_P_L_A_219-P_2023,5,judgement_Crl_P_L_A_960_2025,0.6605595350265503
judgement_Crl_P_L_A_39-K_2025,1,Copy of JUDG__91,0.5949431657791138
judgement_Crl_P_L_A_39-K_2025,2,judgement_C_P_L_A_5516_2024,0.5751594305038452
judgement_Crl_P_L_A_39-K_2025,3,judgement_J_P_286_2020,0.5639445185661316
judgement_Crl_P_L_A_39-K_2025,4,judgement_C_P_L_A_3824_2023,0.5578517317771912
judgement_Crl_P_L_A_39-K_2025,5,judgement_Crl_P_L_A_433_2025,0.5534197092056274
judgement_Crl_P_L_A_433_2025,1,judgement_Crl_P_L_A_1144_2025,0.6465749740600586
judgement_Crl_P_L_A_433_2025,2,judgement_Crl_P_L_A_960_2025,0.637839138507843
judgement_Crl_P_L_A_433_2025,3,judgement_Crl_A_343_2023,0.6295260787010193
judgement_Crl_P_L_A_433_2025,4,Copy of JUDG__91,0.623065710067749
judgement_Crl_P_L_A_433_2025,5,Copy of JUDG__73,0.6164746880531311
judgement_Crl_P_L_A_585_2025,1,judgement_Crl_P_L_A_960_2025,0.6689107418060303
judgement_Crl_P_L_A_585_2025,2,Copy of JUDG__42,0.6296024918556213
judgement_Crl_P_L_A_585_2025,3,Copy of JUDG__69,0.6269506216049194
judgement_Crl_P_L_A_585_2025,4,Copy of JUDG__4,0.6115471124649048
judgement_Crl_P_L_A_585_2025,5,judgement_J_P_541_2021,0.6099273562431335
judgement_Crl_P_L_A_745_2025,1,Copy of JUDG__6,0.6446449756622314
judgement_Crl_P_L_A_745_2025,2,judgement_Crl_P_L_A_219-P_2023,0.6442537307739258
judgement_Crl_P_L_A_745_2025,3,judgement_J_P_554_2023,0.6393756866455078
judgement_Crl_P_L_A_745_2025,4,judgement_Crl_P_L_A_1144_2025,0.6382411122322083
judgement_Crl_P_L_A_745_2025,5,Copy of JUDG__58,0.638039231300354
judgement_Crl_P_L_A_868_2025,1,judgement_Crl_P_L_A_1408_2025,0.7818449139595032
judgement_Crl_P_L_A_868_2025,2,Copy of JUDG__92,0.641852617263794
judgement_Crl_P_L_A_868_2025,3,judgement_Crl_P_L_A_745_2025,0.6127498149871826
judgement_Crl_P_L_A_868_2025,4,judgement_Crl_P_L_A_585_2025,0.5757046937942505
judgement_Crl_P_L_A_868_2025,5,Copy of JUDG__13,0.565873384475708
judgement_Crl_P_L_A_960_2025,1,judgement_C_P_L_A_74_2025,0.6999212503433228
judgement_Crl_P_L_A_960_2025,2,judgement_J_P_286_2020,0.6782693862915039
judgement_Crl_P_L_A_960_2025,3,Copy of JUDG__91,0.6768131256103516
judgement_Crl_P_L_A_960_2025,4,judgement_J_P_541_2021,0.6735138893127441
judgement_Crl_P_L_A_960_2025,5,judgement_Crl_P_L_A_147-K_2025,0.6709104180335999
judgement_Crl_P_L_A_966_2018,1,judgement_J_P_554_2023,0.5523619651794434
judgement_Crl_P_L_A_966_2018,2,Copy of JUDG__4,0.5512790679931641
judgement_Crl_P_L_A_966_2018,3,Copy of JUDG__26,0.5447247624397278
judgement_Crl_P_L_A_966_2018,4,judgement_Crl_P_L_A_745_2025,0.5353223085403442
judgement_Crl_P_L_A_966_2018,5,Copy of JUDG__13,0.5302956700325012
judgement_J_P_252_2020,1,Copy of JUDG__17,0.5786279439926147
judgement_J_P_252_2020,2,Copy of JUDG__22,0.5746299624443054
judgement_J_P_252_2020,3,Copy of JUDG__93,0.564305305480957
judgement_J_P_252_2020,4,judgement_Crl_A_351_2023,0.5578068494796753
judgement_J_P_252_2020,5,Copy of JUDG__68,0.5430024862289429
judgement_J_P_276_2019,1,Copy of JUDG__79,0.7038345336914062
judgement_J_P_276_2019,2,Copy of JUDG__58,0.6377689838409424
judgement_J_P_276_2019,3,Copy of JUDG__12,0.6321678757667542
judgement_J_P_276_2019,4,Copy of JUDG__75,0.6288669109344482
judgement_J_P_276_2019,5,judgement_Crl_A_343_2023,0.6047279834747314
judgement_J_P_286_2020,1,judgement_J_P_541_2021,0.7058070302009583
judgement_J_P_286_2020,2,judgement_Crl_P_L_A_1144_2025,0.7043061852455139
judgement_J_P_286_2020,3,judgement_Crl_P_L_A_960_2025,0.6782693862915039
judgement_J_P_286_2020,4,judgement_J_P_559_2017,0.6486846208572388
judgement_J_P_286_2020,5,judgement_Crl_P_L_A_219-P_2023,0.6462206840515137
judgement_J_P_375_2023,1,judgement_J_P_559_2017,0.6698483824729919
judgement_J_P_375_2023,2,judgement_Crl_P_L_A_960_2025,0.651684582233429
judgement_J_P_375_2023,3,Copy of JUDG__91,0.6303917765617371
judgement_J_P_375_2023,4,judgement_J_P_554_2023,0.628848671913147
judgement_J_P_375_2023,5,judgement_Crl_P_L_A_1144_2025,0.6272727251052856
judgement_J_P_541_2021,1,judgement_Crl_P_L_A_1144_2025,0.7433145046234131
judgement_J_P_541_2021,2,judgement_J_P_559_2017,0.7102822661399841
judgement_J_P_541_2021,3,Copy of JUDG__85,0.706821084022522
judgement_J_P_541_2021,4,judgement_J_P_286_2020,0.7058070302009583
judgement_J_P_541_2021,5,judgement_Crl_P_L_A_960_2025,0.6735138893127441
judgement_J_P_554_2023,1,Copy of JUDG__58,0.6489924192428589
judgement_J_P_554_2023,2,Copy of JUDG__79,0.6399006843566895
judgement_J_P_554_2023,3,judgement_Crl_P_L_A_745_2025,0.6393756866455078
judgement_J_P_554_2023,4,judgement_J_P_375_2023,0.628848671913147
judgement_J_P_554_2023,5,Copy of JUDG__9,0.6226811408996582
judgement_J_P_559_2017,1,judgement_J_P_541_2021,0.7102822661399841
judgement_J_P_559_2017,2,judgement_J_P_375_2023,0.6698483824729919
judgement_J_P_559_2017,3,judgement_Crl_P_L_A_1184_2025,0.6632683873176575
judgement_J_P_559_2017,4,judgement_C_A_1388_2017,0.6614483594894409
judgement_J_P_559_2017,5,Copy of JUDG__85,0.6605000495910645
judgement_J_P_611_2022,1,judgement_C_P_L_A_110_2023,0.616582989692688
judgement_J_P_611_2022,2,Copy of JUDG__104,0.5607802867889404
judgement_J_P_611_2022,3,Copy of JUDG__59,0.5573629140853882
judgement_J_P_611_2022,4,Copy of JUDG__85,0.5545080900192261
judgement_J_P_611_2022,5,judgement_Crl_P_L_A_39-K_2025,0.5456010699272156
judgement_J_P_614_2021,1,Copy of JUDG__4,0.6293988227844238
judgement_J_P_614_2021,2,judgement_Crl_P_L_A_1033_2025,0.6257572174072266
judgement_J_P_614_2021,3,Copy of JUDG__18,0.6248871088027954
judgement_J_P_614_2021,4,judgement_Crl_P_L_A_1144_2025,0.6176788806915283
judgement_J_P_614_2021,5,judgement_Crl_P_L_A_147-K_2025,0.6168448328971863
